bonus_value_id	effect_key	battle_context_key
#effect_bonus_value_battle_context_junctions_tables;0;db/effect_bonus_value_battle_context_junctions_tables/data__		
morale	wh2_dlc09_effect_force_stat_leadership_vs_tomb_kings	fighting_culture_tomb_kings
melee_attack_mod	wh2_dlc09_effect_force_stat_melee_attack_during_ambushes	fighting_force_status_yours_ambushing
melee_attack_mod	wh2_dlc09_effect_force_stat_melee_attack_vs_tomb_kings	fighting_culture_tomb_kings
damage_vs_large_entities	wh2_dlc10_effect_character_stat_bonus_vs_large_vs_chaos	fighting_culture_daemons_chaos_chaos_dwarfs_norsca
miscast_chance_mod	wh2_dlc10_effect_character_stat_miscast_vs_chaos_norsca	fighting_culture_daemons_chaos_norsca_chaos_dwarfs
melee_damage_ap_mod_mult	wh2_dlc10_effect_character_stat_weapon_strength_vs_elves	fighting_culture_any_elves
melee_damage_mod_mult	wh2_dlc10_effect_character_stat_weapon_strength_vs_elves	fighting_culture_any_elves
charge_bonus	wh2_dlc10_effect_force_stat_charge_bonus_pct_foreign_territory	fighting_territory_foreign
melee_attack_mod	wh2_dlc10_effect_force_stat_melee_attack_vs_chaos_norsca_beastmen	fighting_culture_beastmen_chaos_daemons_norsca_chaos_dwarfs
missile_damage_ap_mod_mult	wh2_dlc10_effect_force_stat_missile_damage_vs_dark_elves	fighting_culture_darkelf
missile_damage_mod_mult	wh2_dlc10_effect_force_stat_missile_damage_vs_dark_elves	fighting_culture_darkelf
unit_damage_resistance_all_mod	wh2_dlc10_effect_force_stat_ward_save_vs_chaos_norsca_beastmen	fighting_culture_beastmen_chaos_daemons_norsca_chaos_dwarfs
unit_damage_resistance_all_mod	wh2_dlc10_effect_force_stat_ward_save_vs_greenskins_skaven	fighting_culture_greenskins_ogres_skaven
melee_damage_ap_mod_mult	wh2_dlc10_effect_force_stat_weapon_strength_vs_dark_elves	fighting_culture_darkelf
melee_damage_mod_mult	wh2_dlc10_effect_force_stat_weapon_strength_vs_dark_elves	fighting_culture_darkelf
melee_damage_ap_mod_mult	wh2_dlc10_effect_force_stat_weapon_strength_vs_elves	fighting_culture_any_elves
melee_damage_mod_mult	wh2_dlc10_effect_force_stat_weapon_strength_vs_elves	fighting_culture_any_elves
melee_damage_ap_mod_mult	wh2_dlc10_effect_force_stat_weapon_strength_vs_high_elves	fighting_culture_highelf
melee_damage_mod_mult	wh2_dlc10_effect_force_stat_weapon_strength_vs_high_elves	fighting_culture_highelf
general_aoe_mod	wh2_dlc11_effect_character_stat_leadership_aura_size_vs_beastmen	fighting_culture_beastmen
melee_damage_ap_mod_add	wh2_dlc11_effect_force_stat_ap_damage_vs_chaos	fighting_culture_daemons_chaos_chaos_dwarfs_norsca
armour_mod	wh2_dlc11_effect_force_stat_armour_vs_greenskins	fighting_culture_greenskins
damage_vs_large_entities	wh2_dlc11_effect_force_stat_bonus_vs_large_deckhands_prometheans_depth_guard_vs_bretonnia	fighting_culture_bretonnia
damage_vs_large_entities	wh2_dlc11_effect_force_stat_bonus_vs_large_deckhands_prometheans_depth_guard_vs_chaos	fighting_culture_daemons_chaos_chaos_dwarfs_norsca
charge_bonus	wh2_dlc11_effect_force_stat_charge_bonus_pct_vs_norsca	fighting_culture_norsca
morale	wh2_dlc11_effect_force_stat_leadership_vs_bretonnia	fighting_culture_bretonnia_enemies
morale	wh2_dlc11_effect_force_stat_leadership_vs_greenskins_ogre_skaven	fighting_culture_greenskins_ogres_skaven
morale	wh2_dlc11_effect_force_stat_leadership_vs_vampire_coasts	fighting_culture_vampire_coast
melee_attack_mod	wh2_dlc11_effect_force_stat_melee_attack_vs_chaos_undead_greenskins	fighting_culture_bretonnia_enemies
melee_damage_ap_mod_mult	wh2_dlc11_effect_force_stat_missile_damage_gunnery_mobs_promethean_gun_mobs_deck_droppers_vs_beastmen	fighting_culture_beastmen
melee_damage_mod_mult	wh2_dlc11_effect_force_stat_missile_damage_gunnery_mobs_promethean_gun_mobs_deck_droppers_vs_beastmen	fighting_culture_beastmen
missile_damage_ap_mod_mult	wh2_dlc11_effect_force_stat_missile_damage_gunnery_mobs_promethean_gun_mobs_deck_droppers_vs_dwarfs	fighting_culture_dwarfs
missile_damage_mod_mult	wh2_dlc11_effect_force_stat_missile_damage_gunnery_mobs_promethean_gun_mobs_deck_droppers_vs_dwarfs	fighting_culture_dwarfs
melee_damage_ap_mod_mult	wh2_dlc11_effect_force_stat_missile_damage_gunnery_mobs_promethean_gun_mobs_deck_droppers_vs_high_elves	fighting_culture_highelf
melee_damage_mod_mult	wh2_dlc11_effect_force_stat_missile_damage_gunnery_mobs_promethean_gun_mobs_deck_droppers_vs_high_elves	fighting_culture_highelf
missile_damage_mod_mult	wh2_dlc11_effect_force_stat_missile_damage_gunnery_mobs_promethean_gun_mobs_deck_droppers_vs_high_elves	fighting_culture_highelf
unit_damage_resistance_all_mod	wh2_dlc11_effect_force_stat_ward_save_vs_skaven	fighting_culture_skaven
xp_gain_rate_mod	wh2_dlc11_effect_tech_xp_gain_increase_vampire_coast	fighting_culture_vampire_coast
melee_attack_mod	wh2_dlc12_effect_force_stat_melee_attack_attacking	fighting_force_status_yours_attacking
melee_attack_mod	wh2_dlc12_effect_force_stat_melee_attack_foreign_territory	fighting_territory_foreign
melee_damage_ap_mod_mult	wh2_dlc12_effect_force_stat_weapon_strength_vs_skaven_chaos	fighting_culture_beastmen_chaos_daemons_norsca_skaven_chaos_dwarfs
melee_damage_mod_mult	wh2_dlc12_effect_force_stat_weapon_strength_vs_skaven_chaos	fighting_culture_beastmen_chaos_daemons_norsca_skaven_chaos_dwarfs
battle_barrier_health	wh2_dlc13_effect_force_stat_barrier_defending_siege	fighting_force_status_theirs_besieging
melee_damage_ap_mod_mult	wh2_dlc13_effect_force_stat_weapon_strength_vs_nor_chs_bst	fighting_culture_beastmen_chaos_daemons_norsca_chaos_dwarfs
melee_damage_mod_mult	wh2_dlc13_effect_force_stat_weapon_strength_vs_nor_chs_bst	fighting_culture_beastmen_chaos_daemons_norsca_chaos_dwarfs
melee_attack_mod	wh2_dlc13_effect_melee_attack_versus_vmp_cst_tmb	fighting_culture_undead
melee_defence_mod	wh2_dlc13_effect_melee_defence_versus_grn_skv_lzd	fighting_culture_greenskin_skaven_lizardman_ogre
melee_defence_mod	wh2_dlc13_effect_melee_defence_versus_vmp_cst_tmb	fighting_culture_undead
unit_damage_resistance_missile_mod	wh2_dlc13_effect_missile_resistance_versus_def_hef_wef	fighting_culture_any_elves
morale	wh2_dlc13_effect_morale_versus_def_hef_wef	fighting_culture_any_elves
morale	wh2_dlc13_effect_morale_versus_grn_skv_lzd	fighting_culture_greenskin_skaven_lizardman_ogre
morale	wh2_dlc13_effect_morale_versus_nor_chs_bst	fighting_culture_beastmen_chaos_daemons_norsca_chaos_dwarfs
morale	wh2_dlc13_effect_morale_versus_vmp_cst_tmb	fighting_culture_undead
xp_gain_rate_mod	wh2_dlc13_effect_xp_gain_increase_lizardmen	fighting_culture_lizardmen
xp_gain_rate_mod	wh2_dlc13_effect_xp_gain_increase_versus_undead	fighting_culture_undead
unit_flaming_attack_mod	wh2_dlc14_effect_character_stat_enable_flaming_attacks_versus_undead	fighting_culture_undead
xp_gain_rate_mod	wh2_dlc14_effect_xp_gain_increase_versus_tomb_kings	fighting_culture_tomb_kings
morale	wh2_dlc15_effect_force_army_battle_enemy_unit_morale_xef	fighting_culture_any_elves
melee_damage_ap_mod_add	wh2_dlc15_effect_force_army_battle_unit_armour_piercing_damage_during_ambushes	fighting_force_status_yours_ambushing
ammo_mod	wh2_dlc16_effect_ammo_when_in_forest	fighting_ground_type_forest
unit_damage_resistance_physical_mod	wh2_dlc16_effect_bonus_physical_resistance_when_in_forest	fighting_ground_type_forest
charge_bonus	wh2_dlc16_effect_charge_when_in_forest	fighting_ground_type_forest
missile_damage_ap_mod_mult	wh2_dlc16_effect_force_army_battle_unit_missile_strength_during_ambushes	fighting_force_status_yours_ambushing
missile_damage_mod_mult	wh2_dlc16_effect_force_army_battle_unit_missile_strength_during_ambushes	fighting_force_status_yours_ambushing
melee_attack_mod	wh2_dlc17_bonus_melee_attack_fighting_against_bretonnia	fighting_faction_bretonnia
missile_damage_ap_mod_mult	wh2_dlc17_effect_force_missile_damage_foreign_territory	fighting_territory_enemy_or_neutral_or_allied_army
missile_damage_mod_mult	wh2_dlc17_effect_force_missile_damage_foreign_territory	fighting_territory_enemy_or_neutral_or_allied_army
melee_defence_mod	wh2_dlc17_effect_force_stat_battle_unit_melee_defence_during_ambushes	fighting_force_status_yours_ambushing
melee_damage_ap_mod_mult	wh2_dlc17_effect_force_stat_mod_melee_damage_versus_elves_men_dwarfs	fighting_culture_any_elves_dwarfs_men
melee_damage_mod_mult	wh2_dlc17_effect_force_stat_mod_melee_damage_versus_elves_men_dwarfs	fighting_culture_any_elves_dwarfs_men
unit_damage_resistance_missile_mod	wh2_dlc17_effect_missile_resist_during_sieges	fighting_battle_type_siege
xp_gain_rate_mod	wh2_dlc17_effect_xp_gain_against_bst_chs_nor	fighting_culture_beastmen_chaos_daemons_norsca_chaos_dwarfs
melee_damage_ap_mod_add	wh2_main_effect_character_stat_ap_damage_vs_dwarfs	fighting_culture_dwarfs
unit_flaming_attack_mod	wh2_main_effect_character_stat_enable_flaming_attacks_versus_woodelves	fighting_culture_wood_elves
morale	wh2_main_effect_character_stat_leadership_at_sea	fighting_ground_type_sea
morale	wh2_main_effect_character_stat_leadership_vs_skaven	fighting_culture_skaven
melee_attack_mod	wh2_main_effect_character_stat_melee_attack_at_sea	fighting_ground_type_sea
melee_attack_mod	wh2_main_effect_character_stat_melee_attack_in_desert	fighting_ground_type_desert
melee_attack_mod	wh2_main_effect_character_stat_melee_attack_vs_dark_elves	fighting_culture_darkelf
melee_attack_mod	wh2_main_effect_character_stat_melee_attack_vs_dwarfs	fighting_culture_dwarfs
melee_attack_mod	wh2_main_effect_character_stat_melee_attack_vs_greenskins_ogres_skaven	fighting_culture_greenskins_ogres_skaven
melee_attack_mod	wh2_main_effect_character_stat_melee_attack_vs_human	fighting_culture_men
melee_attack_mod	wh2_main_effect_character_stat_melee_attack_vs_skaven	fighting_culture_skaven
melee_attack_mod	wh2_main_effect_character_stat_melee_attack_vs_undead	fighting_culture_undead
melee_damage_ap_mod_mult	wh2_main_effect_character_stat_weapon_strength_vs_chaos_norsca	fighting_culture_daemons_chaos_norsca_chaos_dwarfs
melee_damage_mod_mult	wh2_main_effect_character_stat_weapon_strength_vs_chaos_norsca	fighting_culture_daemons_chaos_norsca_chaos_dwarfs
melee_damage_ap_mod_mult	wh2_main_effect_character_stat_weapon_strength_vs_dark_elves	fighting_culture_darkelf
melee_damage_mod_mult	wh2_main_effect_character_stat_weapon_strength_vs_dark_elves	fighting_culture_darkelf
melee_damage_ap_mod_mult	wh2_main_effect_character_stat_weapon_strength_vs_dwarfs	fighting_culture_dwarfs
melee_damage_mod_mult	wh2_main_effect_character_stat_weapon_strength_vs_dwarfs	fighting_culture_dwarfs
melee_damage_ap_mod_mult	wh2_main_effect_character_stat_weapon_strength_vs_forces_of_destruction	fighting_culture_forces_of_destruction
melee_damage_mod_mult	wh2_main_effect_character_stat_weapon_strength_vs_forces_of_destruction	fighting_culture_forces_of_destruction
melee_damage_ap_mod_mult	wh2_main_effect_character_stat_weapon_strength_vs_forces_of_order	fighting_culture_forces_of_order
melee_damage_mod_mult	wh2_main_effect_character_stat_weapon_strength_vs_forces_of_order	fighting_culture_forces_of_order
melee_damage_ap_mod_mult	wh2_main_effect_character_stat_weapon_strength_vs_greenskins_ogres_skaven	fighting_culture_greenskins_ogres_skaven
melee_damage_mod_mult	wh2_main_effect_character_stat_weapon_strength_vs_greenskins_ogres_skaven	fighting_culture_greenskins_ogres_skaven
melee_damage_ap_mod_mult	wh2_main_effect_character_stat_weapon_strength_vs_high_elves	fighting_culture_highelf
melee_damage_mod_mult	wh2_main_effect_character_stat_weapon_strength_vs_high_elves	fighting_culture_highelf
melee_damage_ap_mod_mult	wh2_main_effect_character_stat_weapon_strength_vs_lizardmen	fighting_culture_lizardmen
melee_damage_mod_mult	wh2_main_effect_character_stat_weapon_strength_vs_lizardmen	fighting_culture_lizardmen
melee_damage_ap_mod_mult	wh2_main_effect_character_stat_weapon_strength_vs_skaven	fighting_culture_skaven
melee_damage_mod_mult	wh2_main_effect_character_stat_weapon_strength_vs_skaven	fighting_culture_skaven
melee_damage_ap_mod_mult	wh2_main_effect_character_stat_weapon_strength_vs_undead	fighting_culture_undead
melee_damage_mod_mult	wh2_main_effect_character_stat_weapon_strength_vs_undead	fighting_culture_undead
melee_damage_ap_mod_mult	wh2_main_effect_character_stat_weapon_strength_vs_vampire_counts	fighting_culture_vampire_counts
melee_damage_mod_mult	wh2_main_effect_character_stat_weapon_strength_vs_vampire_counts	fighting_culture_vampire_counts
morale	wh2_main_effect_force_stat_leadership_at_sea	fighting_ground_type_sea
morale	wh2_main_effect_force_stat_leadership_in_desert	fighting_ground_type_desert
morale	wh2_main_effect_force_stat_leadership_vs_dark_elves	fighting_culture_darkelf
morale	wh2_main_effect_force_stat_leadership_vs_high_elves	fighting_culture_highelf
morale	wh2_main_effect_force_stat_leadership_vs_lizardmen	fighting_culture_lizardmen
morale	wh2_main_effect_force_stat_leadership_vs_rogue_armies	fighting_culture_rogue_armies
morale	wh2_main_effect_force_stat_leadership_vs_skaven	fighting_culture_skaven
morale	wh2_main_effect_force_stat_leadership_vs_wood_elves	fighting_culture_wood_elves
melee_attack_mod	wh2_main_effect_force_stat_melee_attack_at_sea	fighting_ground_type_sea
melee_attack_mod	wh2_main_effect_force_stat_melee_attack_in_desert	fighting_ground_type_desert
melee_attack_mod_mult	wh2_main_effect_force_stat_melee_attack_mult_vs_dwarfs_greenskins	fighting_culture_dwarfs_greenskins
melee_attack_mod	wh2_main_effect_force_stat_melee_attack_vs_dark_elves	fighting_culture_darkelf
melee_attack_mod	wh2_main_effect_force_stat_melee_attack_vs_dwarfs_greenskins	fighting_culture_dwarfs_greenskins
melee_attack_mod	wh2_main_effect_force_stat_melee_attack_vs_dwarfs	fighting_culture_dwarfs
melee_attack_mod	wh2_main_effect_force_stat_melee_attack_vs_greenskins_ogre_skaven	fighting_culture_greenskins_ogres_skaven
melee_attack_mod	wh2_main_effect_force_stat_melee_attack_vs_high_elves	fighting_culture_highelf
melee_attack_mod	wh2_main_effect_force_stat_melee_attack_vs_human	fighting_culture_men
melee_attack_mod	wh2_main_effect_force_stat_melee_attack_vs_skaven	fighting_culture_skaven
melee_attack_mod	wh2_main_effect_force_stat_melee_attack_vs_undead	fighting_culture_undead
melee_defence_mod	wh2_main_effect_force_stat_melee_defence_vs_dark_elves	fighting_culture_darkelf
melee_damage_ap_mod_mult	wh2_main_effect_force_stat_weapon_strength_vs_beastmen	fighting_culture_beastmen
melee_damage_mod_mult	wh2_main_effect_force_stat_weapon_strength_vs_beastmen	fighting_culture_beastmen
melee_damage_ap_mod_mult	wh2_main_effect_force_stat_weapon_strength_vs_chaos_norsca	fighting_culture_daemons_chaos_norsca_chaos_dwarfs
melee_damage_mod_mult	wh2_main_effect_force_stat_weapon_strength_vs_chaos_norsca	fighting_culture_daemons_chaos_norsca_chaos_dwarfs
melee_damage_ap_mod_mult	wh2_main_effect_force_stat_weapon_strength_vs_dark_elves	fighting_culture_darkelf
melee_damage_mod_mult	wh2_main_effect_force_stat_weapon_strength_vs_dark_elves	fighting_culture_darkelf
melee_damage_ap_mod_mult	wh2_main_effect_force_stat_weapon_strength_vs_dwarfs_greenskins	fighting_culture_dwarfs_greenskins
melee_damage_mod_mult	wh2_main_effect_force_stat_weapon_strength_vs_dwarfs_greenskins	fighting_culture_dwarfs_greenskins
melee_damage_ap_mod_mult	wh2_main_effect_force_stat_weapon_strength_vs_dwarfs	fighting_culture_dwarfs
melee_damage_mod_mult	wh2_main_effect_force_stat_weapon_strength_vs_dwarfs	fighting_culture_dwarfs
melee_damage_ap_mod_mult	wh2_main_effect_force_stat_weapon_strength_vs_humans	fighting_culture_men
melee_damage_mod_mult	wh2_main_effect_force_stat_weapon_strength_vs_humans	fighting_culture_men
melee_damage_ap_mod_mult	wh2_main_effect_force_stat_weapon_strength_vs_skaven	fighting_culture_skaven
melee_damage_mod_mult	wh2_main_effect_force_stat_weapon_strength_vs_skaven	fighting_culture_skaven
melee_damage_ap_mod_mult	wh2_main_effect_force_stat_weapon_strength_vs_undead	fighting_culture_undead
melee_damage_mod_mult	wh2_main_effect_force_stat_weapon_strength_vs_undead	fighting_culture_undead
morale	wh3_dlc20_effect_force_stat_leadership_vs_warriors_of_chaos	fighting_culture_chaos
xp_gain_rate_mod	wh3_dlc20_effect_force_xp_gain_increase_forces_of_order	fighting_culture_forces_of_order
melee_damage_ap_mod_add	wh3_dlc23_effect_force_stat_ap_damage_vs_chaos_dwarfs	fighting_culture_chaos_dwarfs
morale	wh3_dlc23_effect_force_stat_leadership_vs_chaos_daemons_norsca_chaos_dwarfs	fighting_culture_daemons_chaos_norsca_chaos_dwarfs
morale	wh3_dlc23_effect_force_stat_leadership_vs_chaos_dwarfs	fighting_culture_chaos_dwarfs
morale	wh3_dlc23_effect_force_stat_leadership_vs_death_and_destruction_factions	fighting_culture_death_and_destruction
morale	wh3_dlc23_effect_force_stat_leadership_vs_order_factions	fighting_culture_forces_of_order
melee_attack_mod	wh3_dlc23_effect_force_stat_melee_attack_vs_chaos_dwarfs	fighting_culture_chaos_dwarfs
xp_gain_rate_mod	wh3_dlc23_effect_xp_gain_increase_demons_chaos	fighting_culture_daemons_chaos_norsca
xp_gain_rate_mod	wh3_dlc23_effect_xp_gain_increase_dwarfs	fighting_culture_dwarfs
xp_gain_rate_mod	wh3_dlc23_effect_xp_gain_increase_ogres	fighting_culture_ogres
melee_attack_mod	wh3_dlc24_effect_force_stat_melee_attack_vs_corrupting_factions_morathi	fighting_faction_morathi
melee_attack_mod	wh3_dlc24_effect_force_stat_melee_attack_vs_corrupting_factions	fighting_culture_corruption_inducing
unit_damage_resistance_all_mod	wh3_dlc24_effect_force_stat_ward_save_ksl_vs_corrupters_morathi	fighting_faction_morathi
unit_damage_resistance_all_mod	wh3_dlc24_effect_force_stat_ward_save_ksl_vs_corrupters	fighting_culture_corruption_inducing
unit_damage_resistance_all_mod	wh3_dlc24_effect_force_stat_ward_save_vs_chaos_dwarf	fighting_culture_chaos_dwarfs
melee_damage_ap_mod_mult	wh3_dlc24_effect_force_stat_weapon_strength_vs_cathay	fighting_culture_cathay
melee_damage_mod_mult	wh3_dlc24_effect_force_stat_weapon_strength_vs_cathay	fighting_culture_cathay
melee_damage_ap_mod_mult	wh3_dlc24_effect_tech_weapon_damage_increase_nor_wef	fighting_culture_wood_elves
melee_damage_mod_mult	wh3_dlc24_effect_tech_weapon_damage_increase_nor_wef	fighting_culture_wood_elves
xp_gain_rate_mod	wh3_dlc24_effect_tech_xp_gain_increase_chaos_dwarfs	fighting_culture_chaos_dwarfs
xp_gain_rate_mod	wh3_dlc24_effect_tech_xp_gain_increase_wood_elves	fighting_culture_wood_elves
general_aoe_mod	wh3_dlc25_effect_character_stat_leadership_aura_size_vs_undead	fighting_culture_undead
unit_fatigue_resistance_mod	wh3_dlc25_effect_force_fatigue_vs_undead	fighting_culture_undead
morale	wh3_dlc25_effect_force_leadership_vs_undead_daemons	fighting_culture_daemons_undead
missile_damage_mod_mult	wh3_dlc25_effect_force_missile_strength_vs_undead_daemons	fighting_culture_daemons_undead
armour_mod	wh3_dlc25_effect_force_stat_armour_vs_chaos	fighting_culture_daemons_chaos_chaos_dwarfs_norsca
melee_damage_ap_mod_mult	wh3_dlc25_effect_force_stat_leadership_vs_chaos_norsca_beastmen	fighting_culture_beastmen_chaos_daemons_norsca_chaos_dwarfs
melee_damage_mod_mult	wh3_dlc25_effect_force_stat_leadership_vs_chaos_norsca_beastmen	fighting_culture_beastmen_chaos_daemons_norsca_chaos_dwarfs
morale	wh3_dlc25_effect_force_stat_leadership_vs_undead	fighting_culture_undead
melee_attack_mod	wh3_dlc25_effect_force_stat_melee_attack_vs_daemons	fighting_culture_daemons
melee_attack_mod	wh3_dlc25_effect_force_stat_melee_attack_vs_plagued	fighting_force_status_theirs_plagued
melee_defence_mod	wh3_dlc25_effect_force_stat_melee_defence_vs_greenskins	fighting_culture_greenskins
unit_damage_resistance_magic_mod	wh3_dlc25_effect_force_stat_physical_resistance_vs_daemons	fighting_culture_daemons
range_mod	wh3_dlc25_effect_force_stat_range_vs_elves	fighting_culture_any_elves
unit_damage_resistance_magic_mod	wh3_dlc25_effect_force_stat_spell_resistance_vs_chaos	fighting_culture_daemons_chaos_chaos_dwarfs_norsca
unit_fatigue_resistance_mod	wh3_dlc25_effect_force_stat_vigour_against_greenskins_chaos_daemons	fighting_culture_greenskins_daemons_chaos_norsca
unit_fatigue_resistance_mod	wh3_dlc25_effect_force_stat_vigour_loss_reduction_attacking	fighting_force_status_yours_attacking
unit_damage_resistance_all_mod	wh3_dlc25_effect_force_stat_ward_save_vs_chaos_norsca	fighting_culture_chaos_norsca
unit_damage_resistance_all_mod	wh3_dlc25_effect_force_stat_ward_save_vs_daemons	fighting_culture_daemons
unit_damage_resistance_all_mod	wh3_dlc25_effect_force_stat_ward_save_vs_undead	fighting_culture_undead
morale	wh3_dlc25_effect_force_stat_weapon_strength_vs_chaos_norsca_beastmen	fighting_culture_beastmen_chaos_daemons_norsca_chaos_dwarfs
melee_damage_mod_mult	wh3_dlc25_effect_force_weapon_strength_vs_undead_daemons	fighting_culture_daemons_undead
melee_attack_mod	wh3_dlc26_effect_character_stat_melee_attack_vs_empire	fighting_culture_empire
melee_damage_ap_mod_mult	wh3_dlc26_effect_character_stat_weapon_strength_vs_empire	fighting_culture_empire
melee_damage_mod_mult	wh3_dlc26_effect_character_stat_weapon_strength_vs_empire	fighting_culture_empire
melee_attack_mod	wh3_dlc26_effect_force_stat_melee_attack_vs_contract	fighting_against_contract_target
armour_mod	wh3_dlc27_effect_character_stat_armour_at_sea	fighting_ground_type_sea
damage_vs_infantry	wh3_dlc27_effect_character_stat_bonus_vs_infantry_vs_elves	fighting_culture_any_elves
charge_bonus	wh3_dlc27_effect_character_stat_charge_bonus_when_attacking	fighting_force_status_yours_attacking
melee_defence_mod	wh3_dlc27_effect_character_stat_melee_defence_at_sea	fighting_ground_type_sea
missile_damage_ap_mod_mult	wh3_dlc27_effect_character_stat_missile_at_sea	fighting_ground_type_sea
missile_damage_mod_mult	wh3_dlc27_effect_character_stat_missile_at_sea	fighting_ground_type_sea
unit_damage_resistance_physical_mod	wh3_dlc27_effect_character_stat_physical_resistance_during_siege	fighting_battle_type_siege
unit_damage_resistance_all_mod	wh3_dlc27_effect_character_stat_ward_save_at_sea	fighting_ground_type_sea
melee_damage_ap_mod_mult	wh3_dlc27_effect_character_stat_weapon_strength_own_allied_territory	fighting_territory_own_or_allied
melee_damage_mod_mult	wh3_dlc27_effect_character_stat_weapon_strength_own_allied_territory	fighting_territory_own_or_allied
unit_starting_fatigue_state	wh3_dlc27_effect_fatigue_start_4_tired_enemy_siege_battles	fighting_battle_type_siege
armour_mod	wh3_dlc27_effect_force_stat_armour_nor_marauders_vs_humans	fighting_culture_men
charge_bonus	wh3_dlc27_effect_force_stat_charge_bonus_nor_marauders_at_sea	fighting_ground_type_sea
charge_bonus	wh3_dlc27_effect_force_stat_charge_bonus_vs_vampcounts_vampcoast_tombkings	fighting_culture_vampcounts_vampcoast_tombkings
morale	wh3_dlc27_effect_force_stat_leadership_nor_marauders_vs_humans	fighting_culture_men
morale	wh3_dlc27_effect_force_stat_leadership_vs_chaos_warriors_daemons	fighting_culture_daemons_chaos
unit_damage_resistance_magic_mod	wh3_dlc27_effect_force_stat_magic_resistance_vs_chaos_warriors_daemons	fighting_culture_daemons_chaos
melee_attack_mod	wh3_dlc27_effect_force_stat_melee_attack_nor_marauders_at_sea	fighting_ground_type_sea
melee_attack_mod	wh3_dlc27_effect_force_stat_melee_attack_vs_dark_elves_chaos_dwarfs	fighting_culture_dark_elves_chaos_dwarfs
melee_defence_mod	wh3_dlc27_effect_force_stat_melee_defence_vs_chaos_warriors_daemons	fighting_culture_daemons_chaos
melee_defence_mod	wh3_dlc27_effect_force_stat_melee_defence_vs_greenskins_skaven_norsca_beastmen	fighting_culture_greenskins_skaven_norsca_beastmen
melee_defence_mod	wh3_dlc27_effect_force_stat_melee_defense_attacking	fighting_force_status_yours_attacking
missile_damage_ap_mod_mult	wh3_dlc27_effect_force_stat_missile_damage_vs_greenskins_skaven_norsca_beastmen	fighting_culture_greenskins_skaven_norsca_beastmen
missile_damage_mod_mult	wh3_dlc27_effect_force_stat_missile_damage_vs_greenskins_skaven_norsca_beastmen	fighting_culture_greenskins_skaven_norsca_beastmen
unit_damage_resistance_missile_mod	wh3_dlc27_effect_force_stat_missile_resistance_vs_dark_elves_chaos_dwarfs	fighting_culture_dark_elves_chaos_dwarfs
unit_damage_resistance_physical_mod	wh3_dlc27_effect_force_stat_physical_resistance_attacking	fighting_force_status_yours_attacking
unit_damage_resistance_physical_mod	wh3_dlc27_effect_force_stat_physical_resistance_defending	fighting_force_status_yours_defending
reload_mod	wh3_dlc27_effect_force_stat_reload_time_vs_greenskins_skaven_norsca_beastmen	fighting_culture_greenskins_skaven_norsca_beastmen
mod_land_movement_battle	wh3_dlc27_effect_force_stat_speed_at_sea	fighting_ground_type_sea
mod_land_movement_battle	wh3_dlc27_effect_force_stat_speed_vs_vampcoast	fighting_culture_vampire_coast
mod_land_movement_battle	wh3_dlc27_effect_force_stat_speed_vs_wef	fighting_culture_wood_elves
unit_fatigue_resistance_mod	wh3_dlc27_effect_force_stat_vigour_loss_reduction_defending	fighting_force_status_yours_defending
unit_fatigue_resistance_mod	wh3_dlc27_effect_force_stat_vigour_loss_reduction_vs_vampcounts_vampcoast_tombkings	fighting_culture_vampcounts_vampcoast_tombkings
unit_fatigue_resistance_mod	wh3_dlc27_effect_force_stat_vigour_loss_reduction_vs_vampcounts	fighting_culture_vampire_counts
unit_damage_resistance_all_mod	wh3_dlc27_effect_force_stat_ward_save_at_sea	fighting_ground_type_sea
unit_damage_resistance_all_mod	wh3_dlc27_effect_force_stat_ward_save_vs_kislev	fighting_culture_kislev
melee_damage_ap_mod_mult	wh3_dlc27_effect_force_stat_weapon_strength_vs_chaos	fighting_culture_chaos
melee_damage_mod_mult	wh3_dlc27_effect_force_stat_weapon_strength_vs_chaos	fighting_culture_chaos
melee_damage_ap_mod_mult	wh3_dlc27_effect_force_stat_weapon_strength_vs_dark_elves_chaos_dwarfs	fighting_culture_dark_elves_chaos_dwarfs
melee_damage_mod_mult	wh3_dlc27_effect_force_stat_weapon_strength_vs_dark_elves_chaos_dwarfs	fighting_culture_dark_elves_chaos_dwarfs
unit_damage_resistance_flame_mod	wh3_dlc27_effect_tech_fire_resistance_vs_chaos_dwarfs	fighting_culture_chaos_dwarfs
unit_fatigue_resistance_mod	wh3_dlc27_effect_tech_vigour_loss_reduction_attacking_marauder_all_nor	fighting_force_status_yours_attacking
unit_fatigue_resistance_mod	wh3_dlc27_effect_tech_vigour_loss_reduction_vs_dwarfs_nor	fighting_culture_dwarfs
unit_damage_resistance_all_mod	wh3_dlc27_effect_tech_ward_save_vs_high_elves	fighting_culture_highelf
xp_gain_rate_mod	wh3_dlc27_effect_tech_xp_gain_increase_empire	fighting_culture_empire
mod_land_movement_battle	wh3_dlc27_force_stat_speed_vs_high_elves	fighting_culture_highelf
damage_vs_large_entities	wh3_main_effect_character_stat_bonus_vs_large_vs_dae	fighting_culture_daemons
charge_bonus	wh3_main_effect_character_stat_charge_bonus_pct_siege_battle	fighting_battle_type_siege
unit_flaming_attack_mod	wh3_main_effect_character_stat_enable_flaming_attacks_versus_nurgle	fighting_culture_nurgle
unit_fatigue_resistance_mod	wh3_main_effect_character_stat_improved_vigour_in_desert	fighting_ground_type_desert
melee_attack_mod	wh3_main_effect_character_stat_melee_attack_attacking	fighting_force_status_yours_attacking
melee_attack_mod	wh3_main_effect_character_stat_melee_attack_vs_daemons	fighting_culture_daemons
melee_attack_mod	wh3_main_effect_character_stat_melee_attack_vs_dwarfs	fighting_culture_dwarfs
melee_attack_mod	wh3_main_effect_character_stat_melee_attack_vs_greenskins	fighting_culture_greenskins
melee_attack_mod	wh3_main_effect_character_stat_melee_attack_vs_khorne	fighting_culture_khorne
melee_attack_mod	wh3_main_effect_character_stat_melee_attack_vs_lizardmen	fighting_culture_lizardmen
melee_attack_mod	wh3_main_effect_character_stat_melee_attack_vs_men	fighting_culture_empire_and_bretonnia
melee_attack_mod	wh3_main_effect_character_stat_melee_attack_vs_nurgle	fighting_culture_nurgle
melee_attack_mod	wh3_main_effect_character_stat_melee_attack_vs_ogres	fighting_culture_ogres
melee_attack_mod	wh3_main_effect_character_stat_melee_attack_vs_skaven	fighting_culture_skaven
melee_attack_mod	wh3_main_effect_character_stat_melee_attack_vs_slaanesh	fighting_culture_slaanesh
melee_attack_mod	wh3_main_effect_character_stat_melee_attack_vs_tzeentch	fighting_culture_tzeentch
melee_attack_mod	wh3_main_effect_character_stat_melee_attack_vs_undead	fighting_culture_undead
melee_damage_ap_mod_mult	wh3_main_effect_character_stat_weapon_strength_siege_battle	fighting_battle_type_siege
melee_damage_mod_mult	wh3_main_effect_character_stat_weapon_strength_siege_battle	fighting_battle_type_siege
melee_damage_ap_mod_mult	wh3_main_effect_character_stat_weapon_strength_vs_khorne	fighting_culture_khorne
melee_damage_mod_mult	wh3_main_effect_character_stat_weapon_strength_vs_khorne	fighting_culture_khorne
melee_damage_ap_mod_mult	wh3_main_effect_character_stat_weapon_strength_vs_nurgle	fighting_culture_nurgle
melee_damage_mod_mult	wh3_main_effect_character_stat_weapon_strength_vs_nurgle	fighting_culture_nurgle
melee_damage_ap_mod_mult	wh3_main_effect_character_stat_weapon_strength_vs_ogres	fighting_culture_ogres
melee_damage_mod_mult	wh3_main_effect_character_stat_weapon_strength_vs_ogres	fighting_culture_ogres
melee_damage_ap_mod_mult	wh3_main_effect_character_stat_weapon_strength_vs_slaanesh	fighting_culture_slaanesh
melee_damage_mod_mult	wh3_main_effect_character_stat_weapon_strength_vs_slaanesh	fighting_culture_slaanesh
melee_damage_ap_mod_mult	wh3_main_effect_character_stat_weapon_strength_vs_tzeentch	fighting_culture_tzeentch
melee_damage_mod_mult	wh3_main_effect_character_stat_weapon_strength_vs_tzeentch	fighting_culture_tzeentch
damage_vs_infantry	wh3_main_effect_force_stat_bonus_vs_infantry_vs_norsca	fighting_culture_norsca
damage_vs_large_entities	wh3_main_effect_force_stat_bonus_vs_large_vs_cathay	fighting_culture_cathay
damage_vs_large_entities	wh3_main_effect_force_stat_bonus_vs_large_vs_dae	fighting_culture_daemon_prince
damage_vs_large_entities	wh3_main_effect_force_stat_bonus_vs_large_vs_ogres	fighting_culture_ogres
charge_bonus	wh3_main_effect_force_stat_charge_bonus_pct_siege_battle	fighting_battle_type_siege
charge_bonus	wh3_main_effect_force_stat_charge_bonus_pct_vs_kislev	fighting_culture_kislev
morale	wh3_main_effect_force_stat_leadership_own_territory	fighting_territory_own
morale_percentage_mod	wh3_main_effect_force_stat_leadership_pct_vs_daemons	fighting_culture_daemons
morale	wh3_main_effect_force_stat_leadership_vs_cathay	fighting_culture_cathay
morale	wh3_main_effect_force_stat_leadership_vs_chaos_daemons_norsca_KURGAN	fighting_faction_Kurgan_Warband
morale	wh3_main_effect_force_stat_leadership_vs_chaos_daemons_norsca	fighting_culture_daemons_chaos_norsca
morale	wh3_main_effect_force_stat_leadership_vs_daemons	fighting_culture_daemons
morale	wh3_main_effect_force_stat_leadership_vs_khorne	fighting_culture_khorne
morale	wh3_main_effect_force_stat_leadership_vs_kislev	fighting_culture_kislev
morale	wh3_main_effect_force_stat_leadership_vs_nurgle	fighting_culture_nurgle
morale	wh3_main_effect_force_stat_leadership_vs_ogre_kingdoms	fighting_culture_ogres
morale	wh3_main_effect_force_stat_leadership_vs_slaanesh	fighting_culture_slaanesh
morale	wh3_main_effect_force_stat_leadership_vs_tzeentch	fighting_culture_tzeentch
unit_damage_resistance_magic_mod	wh3_main_effect_force_stat_magic_resistance_vs_tzeentch	fighting_culture_tzeentch
melee_attack_mod	wh3_main_effect_force_stat_melee_attack_vs_chaos_daemons_norsca_KURGAN	fighting_faction_Kurgan_Warband
melee_attack_mod	wh3_main_effect_force_stat_melee_attack_vs_chaos_daemons_norsca	fighting_culture_daemons_chaos_norsca_chaos_dwarfs
melee_attack_mod	wh3_main_effect_force_stat_melee_attack_vs_khorne	fighting_culture_khorne
melee_attack_mod	wh3_main_effect_force_stat_melee_attack_vs_men_dwarfs_elves	fighting_culture_any_elves_dwarfs_men
melee_attack_mod	wh3_main_effect_force_stat_melee_attack_vs_nurgle	fighting_culture_nurgle
melee_attack_mod	wh3_main_effect_force_stat_melee_attack_vs_ogres	fighting_culture_ogres
melee_defence_mod	wh3_main_effect_force_stat_melee_defence_own_territory	fighting_territory_own
melee_defence_mod	wh3_main_effect_force_stat_melee_defence_vs_chaos_daemons_KURGAN	fighting_faction_Kurgan_Warband
melee_defence_mod	wh3_main_effect_force_stat_melee_defence_vs_chaos_daemons	fighting_culture_daemons_chaos_norsca_chaos_dwarfs
melee_defence_mod	wh3_main_effect_force_stat_melee_defence_vs_chaos_norsca_beastmen	fighting_culture_beastmen_chaos_daemons_norsca_chaos_dwarfs
melee_defence_mod	wh3_main_effect_force_stat_melee_defence_vs_dae	fighting_culture_daemon_prince
melee_defence_mod	wh3_main_effect_force_stat_melee_defence_vs_khorne	fighting_culture_khorne
melee_defence_mod	wh3_main_effect_force_stat_melee_defence_vs_tzeentch	fighting_culture_tzeentch
missile_damage_ap_mod_mult	wh3_main_effect_force_stat_missile_damage_vs_nurgle	fighting_culture_nurgle
missile_damage_mod_mult	wh3_main_effect_force_stat_missile_damage_vs_nurgle	fighting_culture_nurgle
unit_damage_resistance_missile_mod	wh3_main_effect_force_stat_missile_damage_vs_tze	fighting_culture_tzeentch
unit_damage_resistance_missile_mod	wh3_main_effect_force_stat_missile_resistance_vs_cathay	fighting_culture_cathay
morale_percentage_mod	wh3_main_effect_force_stat_morale_vs_corrupting_factions_morathi	fighting_faction_morathi
morale_percentage_mod	wh3_main_effect_force_stat_morale_vs_corrupting_factions	fighting_culture_corruption_inducing
morale	wh3_main_effect_force_stat_morale_vs_dae	fighting_culture_daemon_prince
unit_damage_resistance_physical_mod	wh3_main_effect_force_stat_physical_resistance_vs_vampire_counts	fighting_culture_vampire_counts
unit_fatigue_resistance_mod	wh3_main_effect_force_stat_vigour_less_reduction_characters	fighting_territory_own
unit_fatigue_resistance_mod	wh3_main_effect_force_stat_vigour_loss_reduction_small_siege	fighting_force_status_yours_besieging
unit_fatigue_resistance_mod	wh3_main_effect_force_stat_vigour_vs_corrupting_factions_morathi	fighting_faction_morathi
unit_fatigue_resistance_mod	wh3_main_effect_force_stat_vigour_vs_corrupting_factions	fighting_culture_corruption_inducing
unit_damage_resistance_all_mod	wh3_main_effect_force_stat_ward_save_vs_chaos_daemons_KURGAN	fighting_faction_Kurgan_Warband
unit_damage_resistance_all_mod	wh3_main_effect_force_stat_ward_save_vs_chaos_daemons	fighting_culture_daemons_chaos_norsca_chaos_dwarfs
melee_damage_ap_mod_mult	wh3_main_effect_force_stat_weapon_strength_siege_battle	fighting_battle_type_siege
melee_damage_mod_mult	wh3_main_effect_force_stat_weapon_strength_siege_battle	fighting_battle_type_siege
melee_damage_ap_mod_mult	wh3_main_effect_force_stat_weapon_strength_vs_ogres	fighting_culture_ogres
melee_damage_mod_mult	wh3_main_effect_force_stat_weapon_strength_vs_ogres	fighting_culture_ogres
melee_damage_ap_mod_mult	wh3_main_effect_force_stat_weapon_strength_vs_slaanesh	fighting_culture_slaanesh
melee_damage_mod_mult	wh3_main_effect_force_stat_weapon_strength_vs_slaanesh	fighting_culture_slaanesh
post_battle_ancillary_steal_chance_mod	wh3_main_effect_post_battle_ancillary_steal_chance_mod_vs_caravan	fighting_against_caravan
post_battle_loot_mod	wh3_main_effect_post_battle_loot_mod_vs_caravan	fighting_against_caravan
xp_gain_rate_mod	wh3_main_effect_skill_xp_gain_increase_dark_elves	fighting_culture_darkelf
unit_damage_resistance_missile_mod	wh3_main_effect_tech_missile_resist_when_attacking	fighting_force_status_yours_attacking
xp_gain_rate_mod	wh3_main_effect_tech_xp_gain_increase_khorne	fighting_culture_khorne
xp_gain_rate_mod	wh3_main_effect_tech_xp_gain_increase_kislev	fighting_culture_kislev
unit_fatigue_resistance_mod	wh3_main_ie_effect_force_fatigue_vs_cathay	fighting_culture_cathay
xp_gain_rate_mod	wh3_main_ie_effect_tech_xp_gain_increase_cathay	fighting_culture_cathay
unit_damage_resistance_all_mod	wh3_pro12_effect_force_stat_ward_save_vs_slaanesh	fighting_culture_slaanesh
xp_gain_rate_mod	wh3_pro12_effect_tech_xp_gain_increase_slaanesh	fighting_culture_slaanesh
morale	wh_dlc03_effect_force_stat_leadership_vs_bretonnia	fighting_faction_bretonnia
morale	wh_dlc03_effect_force_stat_leadership_vs_empire	fighting_faction_empire
morale	wh_dlc05_effect_character_stat_leadership_in_forest	fighting_ground_type_forest
melee_attack_mod	wh_dlc05_effect_character_stat_melee_attack_during_forest	fighting_ground_type_forest
melee_attack_mod	wh_dlc05_effect_character_stat_melee_attack_vs_beastmen	fighting_culture_beastmen
ammo_mod	wh_dlc05_effect_force_stat_ammunition_siege_defence	fighting_force_status_yours_defending
morale	wh_dlc05_effect_force_stat_leadership_in_forest	fighting_ground_type_forest
melee_attack_mod	wh_dlc05_effect_force_stat_melee_attack_during_forest	fighting_ground_type_forest
melee_attack_mod	wh_dlc05_effect_force_stat_melee_attack_vs_beastmen	fighting_culture_beastmen
missile_damage_ap_mod_mult	wh_dlc05_effect_force_stat_missile_damage_vs_beastmen	fighting_culture_beastmen
missile_damage_mod_mult	wh_dlc05_effect_force_stat_missile_damage_vs_beastmen	fighting_culture_beastmen
reload_mod	wh_dlc05_effect_force_stat_reload_time_reduction_in_forest	fighting_ground_type_forest
reload_mod	wh_dlc05_effect_force_stat_reload_time_reduction_under_siege	fighting_force_status_yours_defending
unit_damage_resistance_all_mod	wh_dlc05_effect_force_stat_ward_save_in_forest	fighting_ground_type_forest
melee_damage_ap_mod_mult	wh_dlc06_effect_force_stat_weapon_strength_vs_chaos_norsca	fighting_culture_chaos_norsca
melee_damage_mod_mult	wh_dlc06_effect_force_stat_weapon_strength_vs_chaos_norsca	fighting_culture_chaos_norsca
general_aoe_mod	wh_dlc07_effect_character_stat_leadership_aura_size_all_generals_attacking	fighting_force_status_yours_attacking
general_aoe_mod	wh_dlc08_effect_character_stat_leadership_aura_size_vs_empire	fighting_culture_empire
general_aoe_mod	wh_dlc08_effect_character_stat_leadership_aura_size_vs_tomb_kings	fighting_culture_tomb_kings
melee_attack_mod	wh_dlc08_effect_character_stat_melee_attack_vs_elves	fighting_culture_any_elves
ammo_mod	wh_dlc08_effect_force_stat_ammunition_vs_greenskins	fighting_culture_greenskins
damage_vs_infantry	wh_dlc08_effect_force_stat_bonus_vs_infantry_vs_skaven	fighting_culture_skaven
damage_vs_large_entities	wh_dlc08_effect_force_stat_bonus_vs_large_vs_bretonnia	fighting_culture_bretonnia
damage_vs_large_entities	wh_dlc08_effect_force_stat_bonus_vs_large_vs_lizardmen	fighting_culture_lizardmen
morale	wh_dlc08_effect_force_stat_leadership_marauders_vs_lizardmen	fighting_culture_lizardmen
morale	wh_dlc08_effect_force_stat_leadership_vs_elves	fighting_culture_any_elves
morale	wh_dlc08_effect_force_stat_leadership_vs_norsca_enemy	fighting_culture_norsca
morale	wh_dlc08_effect_force_stat_leadership_vs_norsca	fighting_culture_norsca
morale	wh_dlc08_effect_force_stat_leadership_vs_tilea	fighting_faction_tilea
unit_damage_resistance_magic_mod	wh_dlc08_effect_force_stat_magic_resistance_vs_high_elves	fighting_culture_highelf
melee_attack_mod	wh_dlc08_effect_force_stat_melee_attack_vs_elves	fighting_culture_any_elves
melee_attack_mod	wh_dlc08_effect_force_stat_melee_attack_vs_empire	fighting_culture_empire
melee_attack_mod	wh_dlc08_effect_force_stat_melee_attack_vs_norsca	fighting_culture_norsca
melee_defence_mod	wh_dlc08_effect_force_stat_melee_defence_vs_vampires	fighting_culture_vampire_counts
missile_damage_ap_mod_mult	wh_dlc08_effect_force_stat_missile_damage_vs_greenskins	fighting_culture_greenskins
missile_damage_mod_mult	wh_dlc08_effect_force_stat_missile_damage_vs_greenskins	fighting_culture_greenskins
unit_damage_resistance_missile_mod	wh_dlc08_effect_force_stat_missile_resistance_vs_dark_elves	fighting_culture_darkelf
unit_damage_resistance_missile_mod	wh_dlc08_effect_force_stat_missile_resistance_vs_tilea	fighting_faction_tilea
unit_damage_resistance_physical_mod	wh_dlc08_effect_force_stat_physical_resistance_nor_marauders_vs_greenskins	fighting_culture_greenskins
melee_damage_ap_mod_mult	wh_dlc08_effect_force_stat_weapon_strength_vs_tomb_kings	fighting_culture_tomb_kings
melee_damage_mod_mult	wh_dlc08_effect_force_stat_weapon_strength_vs_tomb_kings	fighting_culture_tomb_kings
xp_gain_rate_mod	wh_dlc08_effect_tech_xp_gain_increase_bretonnia	fighting_culture_bretonnia
xp_gain_rate_mod	wh_dlc08_effect_tech_xp_gain_increase_dark_elves	fighting_culture_darkelf
xp_gain_rate_mod	wh_dlc08_effect_tech_xp_gain_increase_high_elves	fighting_culture_highelf
xp_gain_rate_mod	wh_dlc08_effect_tech_xp_gain_increase_skaven	fighting_culture_skaven
xp_gain_rate_mod	wh_dlc08_effect_tech_xp_gain_increase_vampires	fighting_culture_vampire_counts
melee_attack_mod	wh_dlc17_effect_bonus_melee_attack_fighting_against_lizardmen	fighting_culture_lizardmen
melee_attack_mod	wh_dlc17_effect_bonus_melee_attack_fighting_against_woodelves	fighting_culture_wood_elves
melee_damage_ap_mod_add	wh_dlc25_effect_ap_damage_fighting_against_lizardmen_dwarfs	fighting_culture_dwarfs_lizardmen
charge_bonus	wh_dlc25_effect_charge_bonus_fighting_against_lizardmen_dwarfs	fighting_culture_dwarfs_lizardmen
unit_damage_resistance_missile_mod	wh_dlc25_effect_force_stat_missile_resistance_vs_men	fighting_culture_men
unit_fatigue_resistance_mod	wh_dlc25_effect_force_stat_vigour_loss_reduction_vs_men	fighting_culture_men
melee_defence_mod	wh_dlc25_effect_melee_defense_fighting_against_skaven_ogres	fighting_culture_ogres_skaven
unit_damage_resistance_physical_mod	wh_dlc25_effect_physical_resistance_fighting_against_skaven_ogres	fighting_culture_ogres_skaven
general_aoe_mod	wh_main_effect_character_stat_leadership_aura_size_attacking	fighting_force_status_yours_attacking
general_aoe_mod	wh_main_effect_character_stat_leadership_aura_size_defending	fighting_force_status_yours_defending
general_aoe_mod	wh_main_effect_character_stat_leadership_aura_size_sieging	fighting_force_status_yours_besieging
general_aoe_mod	wh_main_effect_character_stat_leadership_aura_size_vs_chaos	fighting_culture_chaos
morale	wh_main_effect_character_stat_leadership_during_subterranean	fighting_battle_type_subterranean
morale	wh_main_effect_character_stat_leadership_vs_beastmen	fighting_culture_beastmen
morale	wh_main_effect_character_stat_leadership_vs_chaos	fighting_culture_chaos_norsca
morale	wh_main_effect_character_stat_leadership_vs_dwarfs	fighting_culture_dwarfs
morale	wh_main_effect_character_stat_leadership_vs_greenskins	fighting_culture_greenskins
morale	wh_main_effect_character_stat_leadership_vs_vampire_counts	fighting_culture_vampire_counts
melee_attack_mod	wh_main_effect_character_stat_melee_attack_during_subterranean	fighting_battle_type_subterranean
melee_attack_mod	wh_main_effect_character_stat_melee_attack_vs_chaos_norsca	fighting_culture_chaos_norsca
melee_attack_mod	wh_main_effect_character_stat_melee_attack_vs_greenskins	fighting_culture_greenskins
melee_damage_ap_mod_mult	wh_main_effect_character_stat_weapon_strength_attacking	fighting_force_status_yours_attacking
melee_damage_mod_mult	wh_main_effect_character_stat_weapon_strength_attacking	fighting_force_status_yours_attacking
melee_damage_ap_mod_mult	wh_main_effect_character_stat_weapon_strength_vs_greenskins	fighting_culture_greenskins
melee_damage_mod_mult	wh_main_effect_character_stat_weapon_strength_vs_greenskins	fighting_culture_greenskins
ammo_mod	wh_main_effect_force_stat_ammunition_siege_defence	fighting_force_status_theirs_besieging
armour_mod	wh_main_effect_force_stat_armour_defending	fighting_force_status_yours_defending
damage_vs_large_entities	wh_main_effect_force_stat_bonus_vs_large_vs_chaos	fighting_culture_chaos
morale	wh_main_effect_force_stat_leadership_attacking	fighting_force_status_yours_attacking
morale	wh_main_effect_force_stat_leadership_defending	fighting_force_status_yours_defending
morale	wh_main_effect_force_stat_leadership_during_ambushes	fighting_force_status_yours_ambushing
morale	wh_main_effect_force_stat_leadership_during_siege_subterranean	fighting_battle_type_siege_subterranean
morale	wh_main_effect_force_stat_leadership_during_subterranean	fighting_battle_type_subterranean
morale	wh_main_effect_force_stat_leadership_foreign_territory	fighting_territory_foreign
morale	wh_main_effect_force_stat_leadership_own_allied_territory	fighting_territory_own_or_allied
morale	wh_main_effect_force_stat_leadership_siege_attack_bad	fighting_force_status_yours_besieging
morale	wh_main_effect_force_stat_leadership_siege_attack_enemy	fighting_force_status_yours_defending
morale	wh_main_effect_force_stat_leadership_siege_attack	fighting_force_status_yours_besieging
morale	wh_main_effect_force_stat_leadership_siege_defence	fighting_force_status_theirs_besieging
morale	wh_main_effect_force_stat_leadership_vs_beastmen	fighting_culture_beastmen
morale	wh_main_effect_force_stat_leadership_vs_chaos	fighting_culture_daemons_chaos_chaos_dwarfs_norsca
morale	wh_main_effect_force_stat_leadership_vs_dwarfs	fighting_culture_dwarfs
morale	wh_main_effect_force_stat_leadership_vs_greenskins	fighting_culture_greenskins
morale	wh_main_effect_force_stat_leadership_vs_men	fighting_culture_men
morale	wh_main_effect_force_stat_leadership_vs_undead	fighting_culture_undead
morale	wh_main_effect_force_stat_leadership_vs_vampire_counts	fighting_culture_vampire_counts
melee_attack_mod	wh_main_effect_force_stat_melee_attack_at_sea	fighting_force_status_yours_attacking_at_sea
melee_attack_mod	wh_main_effect_force_stat_melee_attack_during_subterranean	fighting_battle_type_subterranean
melee_attack_mod	wh_main_effect_force_stat_melee_attack_vs_chaos_norsca	fighting_culture_chaos_norsca
melee_attack_mod	wh_main_effect_force_stat_melee_attack_vs_greenskins	fighting_culture_greenskins
melee_defence_mod	wh_main_effect_force_stat_melee_defence_siege_defence	fighting_force_status_theirs_besieging
melee_defence_mod	wh_main_effect_force_stat_melee_defence_vs_norsca	fighting_culture_norsca
unit_damage_resistance_missile_mod	wh_main_effect_force_stat_missile_resistance_vs_wood_elves	fighting_culture_wood_elves
melee_damage_ap_mod_mult	wh_main_effect_force_stat_weapon_strength_vs_greenskins	fighting_culture_greenskins
melee_damage_mod_mult	wh_main_effect_force_stat_weapon_strength_vs_greenskins	fighting_culture_greenskins
general_aoe_mod	wh_main_effect_general_aura_mod_all_during_ambush	fighting_force_status_yours_ambushing
xp_gain_rate_mod	wh_main_effect_tech_xp_gain_increase_greenskins	fighting_culture_greenskins
xp_gain_rate_mod	wh_main_effect_tech_xp_gain_increase_norsca	fighting_culture_norsca
melee_damage_ap_mod_add	wh_pro01_effect_force_stat_ap_damage_defending	fighting_force_status_yours_defending
melee_defence_mod	wh_pro01_effect_force_stat_melee_defence_defending	fighting_force_status_yours_defending
