key	detonator_type	detonation_type	detonation_radius	detonation_duration	detonation_speed	detonation_damage	shrapnel	explosion_particle_effect	fuse_distance_from_target	explosion_particle_effect_on_ground	explosion_audio	contact_phase_effect	ignition_amount	is_magical	detonation_damage_ap	camera_shake	detonation_force	fuse_fixed_time	affects_allies	is_spell
#projectiles_explosions_tables;19;db/projectiles_explosions_tables/data__																				
boiling_oil_splash	percussive	boiling_oil	2.0000	3.0000	2.0000	2.0000		wh_main_generic_spherical_explosion_large	0.0000				0.0000	false	0.0000		100.0000	-1.0000	true	false
default_fire_spread	percussive	none	5.0000	4.0000	2.0000	20.0000		wh_main_generic_spherical_explosion_large	0.0000				0.0000	false	0.0000		100.0000	-1.0000	true	false
fire_ignition	percussive	fire_ignition	5.0000	10.0000	4.0000	5.0000			0.0000				0.0000	false	0.0000		100.0000	-1.0000	true	false
fire_ignition_l	percussive	fire_ignition	7.0000	0.0000	4.0000	5.0000			0.0000	wh_main_generic_explosion_medium			0.0000	false	0.0000		100.0000	-1.0000	true	false
fire_spread	percussive	none	7.0000	4.0000	2.0000	4.0000			0.0000	wh_main_generic_explosion_medium			0.0000	false	0.0000		100.0000	-1.0000	true	false
wh2_cst_necrofex_colossus_flame_explosion	percussive	shockwave	7.0000	0.0000	14.0000	80.0000		wh_main_weapon_flamethrower_explosion	0.0000		wh2_dlc11_cst_necrofex_colossus_flamethrower	wh_main_unit_contact_morale	1.0000	false	32.0000	wh_main_unit_explosion_medium	100.0000	-1.0000	true	false
wh2_dlc09_casket_of_souls	percussive	shockwave	4.0000	1.0000	12.0000	28.0000		wh2_dlc09_machine_casket_of_souls_explosion	0.0000		wh2_casket_of_souls		0.0000	true	64.0000	wh_main_unit_explosion_light	250.0000	-1.0000	true	false
wh2_dlc09_screaming_skull_explosion	percussive	shockwave	5.0000	0.0000	12.0000	30.0000			0.0000		wh2_screamingskull_catapult	wh_main_unit_contact_overhead_morale	0.0000	true	65.0000	wh_main_unit_explosion_light	150.0000	-1.0000	true	false
wh2_dlc09_tmb_stalker_gaze_explosion	percussive	shockwave	5.0000	0.0000	8.0000	37.0000			0.0000		wh2_dlc_tmb_stalker_gaze		0.0000	true	8.0000	wh_main_unit_explosion_light	10.0000	-1.0000	false	false
wh2_dlc09_tmb_ushabti_bolt_ror	fuse	shockwave	6.0000	1.0000	10.0000	52.0000	ushabti_shrapnel	wh2_dlc09_lib_sepultural_stalker_impact	20.0000		wh2_screamingskull_catapult		0.0000	false	26.0000	wh_main_unit_explosion_light	100.0000	-1.0000	true	false
wh2_dlc09_tmb_ushabti_bolt_ror_shrapnel	percussive	shockwave	6.0000	1.0000	10.0000	52.0000		wh2_dlc09_lib_sepultural_stalker_impact	-1.0000		wh2_screamingskull_catapult		0.0000	false	26.0000	wh_main_unit_explosion_light	100.0000	1.0000	true	false
wh2_dlc09_unit_abilities_death_from_above	percussive	shockwave	5.0000	0.0000	11.0000	54.0000		wh_main_weapon_gyrocopter_grenade	0.0000		wh3_dlc26_bomb_generic_explosion		0.0000	false	24.0000	wh_main_unit_explosion_medium	450.0000	-1.0000	true	false
wh2_dlc10_abilities_frost_breath_explosion	percussive	shockwave	5.0000	0.0000	11.0000	36.0000		wh2_dlc10_frostbreath_impact	0.0000		wh2_dlc10_dragon_breath_ice_multi	wh_dlc08_unit_contact_frostbite	0.0000	false	20.0000	wh_main_unit_explosion_light	5.0000	-1.0000	true	false
wh2_dlc10_bone_giant_explosion	percussive	shockwave	6.0000	0.0000	10.0000	102.0000		wh2_dlc10_bone_giant_impact	0.0000		wh2_dlc_10_bone_arrow_explosion		0.0000	true	66.0000	wh_main_unit_explosion_heavy	200.0000	-1.0000	true	false
wh2_dlc10_item_bound_assault_of_stone	percussive	shockwave	5.0000	0.0000	12.0000	0.0000		wh2_dlc10_stone_explosion	0.0000		wh_large_rock		0.0000	true	60.0000	wh_main_unit_explosion_medium	220.0000	-1.0000	true	true
wh2_dlc10_item_bound_blast	percussive	shockwave	10.0000	1.0000	11.0000	0.0000		wh_main_generic_spherical_explosion_large	0.0000		wh_main_spell_fire_fireball		1.0000	true	48.0000	wh_main_unit_explosion_light	450.0000	-1.0000	true	true
wh2_dlc10_quest_abilities_regenerating_head	percussive	shockwave	28.0000	4.0000	12.0000	0.0000		wh2_dlc10_regenerating_head_exp	0.0000			wh2_dlc10_quest_abilities_regenerating_head	0.0000	false	0.0000	wh_main_unit_explosion_light	20.0000	-1.0000	true	false
wh2_dlc10_quest_abilities_unidentified_hydra_head	percussive	shockwave	10.0000	4.0000	12.0000	0.0000		wh2_dlc10_regenerating_head_exp	0.0000			wh2_dlc10_quest_abilities_unidentified_hydra_head	0.0000	false	0.0000	wh_main_unit_explosion_light	1.0000	-1.0000	true	false
wh2_dlc10_spell_bound_lesser_doombolt	percussive	shockwave	7.0000	1.0000	11.0000	0.0000		wh2_main_dark_doombolt_impact	0.0000		wh_main_spell_dark_magic_doombolt		0.0000	true	66.0000	wh_main_unit_explosion_light	450.0000	-1.0000	true	true
wh2_dlc10_weapon_abilities_the_moonbow	percussive	shockwave	7.0000	1.0000	11.0000	0.0000		wh2_dlc10_moonbow_impact	0.0000		wh2_dlc10_ability_the_moonbow		0.0000	true	145.0000	wh_main_unit_explosion_heavy	450.0000	-1.0000	true	true
wh2_dlc11_army_abilities_rod_of_the_storm	percussive	shockwave	9.0000	1.0000	12.0000	0.0000			0.0000		wh_urannons_thunderbolt		0.0000	true	204.0000	wh_main_unit_explosion_light	400.0000	-1.0000	true	true
wh2_dlc11_army_abilities_wraith_storm	percussive	shockwave	6.0000	1.0000	6.0000	0.0000			0.0000				0.0000	true	36.0000	wh_main_unit_explosion_heavy	120.0000	-1.0000	true	true
wh2_dlc11_character_abilities_bomb_throw	percussive	shockwave	5.0000	0.0000	13.0000	60.0000		wh2_dlc11_abilies_bomb_throw_explosion	0.0000				25.0000	true	30.0000	wh_main_unit_explosion_light	200.0000	1.0000	true	true
wh2_dlc11_character_abilities_cackle_fruit	percussive	shockwave	5.0000	0.0000	13.0000	60.0000		wh2_dlc11_abilities_cacklefruit_explosion	0.0000			wh2_dlc11_character_abilities_cackle_fruit	25.0000	false	30.0000	wh_main_unit_explosion_light	200.0000	1.0000	true	false
wh2_dlc11_character_abilities_pyromanianc	percussive	shockwave	5.0000	0.0000	13.0000	24.0000		wh2_dlc11_ability_pyromaniac	0.0000			wh2_dlc11_character_abilities_pyromaniac	25.0000	false	12.0000	wh_main_unit_explosion_light	200.0000	1.0000	true	false
wh2_dlc11_cst_bomb_deckdroppers_explosion	percussive	shockwave	3.0000	0.0000	13.0000	28.0000		wh2_dlc11_weapon_gunners_impact	0.0000		wh_blasting_charge		25.0000	false	9.0000	wh_main_unit_explosion_light	200.0000	1.0000	true	false
wh2_dlc11_cst_bomb_deckdroppers_ror_explosion	percussive	shockwave	3.0000	0.0000	13.0000	10.0000		wh2_dlc11_weapon_gunners_impact	0.0000		wh_blasting_charge	wh_dlc06_unit_contact_sundered_armour	25.0000	false	26.0000	wh_main_unit_explosion_light	200.0000	1.0000	true	false
wh2_dlc11_cst_bomb_explosion	percussive	shockwave	3.0000	0.0000	13.0000	12.0000		wh2_dlc11_weapon_gunners_impact	0.0000		wh_blasting_charge		25.0000	false	3.0000	wh_main_unit_explosion_light	200.0000	1.0000	true	false
wh2_dlc11_cst_luthor_harkon_pistol_explosive	percussive	shockwave	4.0000	0.0000	13.0000	12.0000		wh2_dlc11_weapon_gunners_impact	0.0000		wh_blasting_charge		0.0000	false	5.0000	wh_main_unit_explosion_light	110.0000	1.0000	true	false
wh2_dlc11_cst_queen_bess	percussive	shockwave	12.0000	0.0000	12.0000	15.0000		wh2_dlc11_machine_queen_bess_impact	0.0000		wh2_dlc_12_queen_bess	wh2_dlc11_unit_contact_monstrous_impact	10.0000	false	75.0000	wh_main_unit_explosion_heavy	450.0000	-1.0000	true	false
wh2_dlc12_ability_thunderous_one	percussive	shockwave	6.0000	1.0000	12.0000	0.0000			0.0000		wh2_dlc12_thunderous_one		0.0000	true	68.0000	wh_main_unit_explosion_light	400.0000	-1.0000	true	true
wh2_dlc12_army_abilities_warpstorm_doomrocket	percussive	shockwave	40.0000	1.0000	40.0000	0.0000		wh2_dlc12_warpstorm_doomrocket_explosion	0.0000		wh2_dlc12_ability_warpstorm_doomrocket		0.0000	true	216.0000	wh_main_unit_explosion_heavy	700.0000	-1.0000	true	false
wh2_dlc12_army_abilities_warpstorm_doomrocket_upgrade	percussive	shockwave	40.0000	1.0000	40.0000	0.0000		wh2_dlc12_warpstorm_doomrocket_explosion	0.0000		wh2_dlc12_ability_warpstorm_doomrocket	wh2_dlc12_army_abilities_warpstorm_doomrocket	0.0000	true	216.0000	wh_main_unit_explosion_heavy	700.0000	-1.0000	true	false
wh2_dlc12_lord_abilities_drop_sphere_of_tepok	percussive	shockwave	7.0000	0.0000	14.0000	90.0000		wh2_dlc12_abilities_drop_sphere_explosion	0.0000		wh2_dlc12_drop_sphere_of_tepok	wh2_dlc12_lord_abilities_drop_sphere_of_tepok	0.0000	true	40.0000	wh_main_unit_explosion_medium	450.0000	-1.0000	true	true
wh2_dlc12_lord_abilities_drop_sphere_of_tepok_upgraded	percussive	shockwave	7.0000	0.0000	14.0000	126.0000		wh2_dlc12_abilities_drop_sphere_explosion	0.0000		wh2_dlc12_drop_sphere_of_tepok	wh2_dlc12_lord_abilities_drop_sphere_of_tepok	0.0000	true	56.0000	wh_main_unit_explosion_medium	450.0000	-1.0000	true	true
wh2_dlc12_lzd_salamander_flame	percussive	shockwave	3.0000	0.0000	11.0000	15.0000		wh2_dlc12_lizard_fireball_explosion	0.0000		wh2_dlc12_salamander_fireball		25.0000	false	2.0000	wh_main_unit_explosion_light	100.0000	-1.0000	true	false
wh2_dlc12_lzd_salamander_flame_large	percussive	shockwave	7.0000	0.0000	12.0000	85.0000		wh2_dlc12_lizard_fireball_large_explosion	0.0000		wh2_dlc12_salamander_fireball_large	wh2_dlc12_unit_contact_flammable	25.0000	false	34.0000	wh_main_unit_explosion_light	350.0000	-1.0000	true	false
wh2_dlc12_lzd_salamander_flame_ror	percussive	shockwave	3.0000	0.0000	11.0000	15.0000		wh2_dlc12_lizard_ror_fireball_explosion	0.0000		wh2_dlc12_salamander_fireball		25.0000	false	2.0000	wh_main_unit_explosion_light	100.0000	-1.0000	true	false
wh2_dlc12_skv_doomwheel_warp_lightning_ror	percussive	shockwave	4.0000	0.0000	8.0000	0.0000		wh2_dlc12_machine_doomwheel_blue_impact	0.0000		wh_lord_of_the_storm		0.0000	true	20.0000	wh_main_unit_explosion_medium	75.0000	-1.0000	true	false
wh2_dlc12_unit_abilities_drop_rocks_character	percussive	shockwave	5.0000	0.0000	11.0000	54.0000		wh2_main_weapon_lzd_drop_rocks_explosion	0.0000		wh3_dlc26_bomb_generic_explosion		0.0000	false	36.0000	wh_main_unit_explosion_medium	450.0000	-1.0000	true	false
wh2_dlc12_unit_abilities_drop_rocks_of_chotec	percussive	shockwave	6.0000	0.0000	11.0000	54.0000		wh2_dlc12_abilies_drop_chotec_explosion	0.0000		wh3_dlc26_bomb_generic_explosion	wh2_dlc12_unit_contact_flammable	1.0000	false	18.0000	wh_main_unit_explosion_medium	450.0000	-1.0000	true	false
wh2_dlc12_unit_abilities_drop_rocks_of_sundering	percussive	shockwave	6.0000	0.0000	11.0000	36.0000		wh2_dlc12_abilies_drop_sundering_explosion	0.0000		wh3_dlc26_bomb_generic_explosion	wh2_dlc12_unit_contact_sundered_armour	10.0000	false	27.0000	wh_main_unit_explosion_medium	450.0000	-1.0000	true	false
wh2_dlc13_character_abilities_big_boom_explosion	percussive	shockwave	10.0000	0.0000	13.0000	60.0000		wh2_dlc13_magical_spherical_explosion_large	0.0000		wh2_dlc13_big_boom	wh2_dlc13_character_ability_big_boom_contact	25.0000	false	200.0000	wh_main_unit_explosion_heavy	200.0000	1.0000	true	true
wh2_dlc13_emp_art_mortar_ror_0	percussive	shockwave	6.0000	0.0000	11.0000	60.0000		wh2_dlc13_magic_mortar_explosion_large	0.0000		wh_mortar		1.0000	true	16.0000	wh_main_unit_explosion_medium	260.0000	-1.0000	false	false
wh2_dlc13_emp_grenade_explosion	percussive	shockwave	3.0000	0.0000	13.0000	15.0000		wh_main_generic_spherical_explosion_small	0.0000		wh_grenade		25.0000	false	34.0000	wh_main_unit_explosion_light	230.0000	-1.0000	true	false
wh2_dlc13_lord_abilities_fire_arrow	percussive	shockwave	7.0000	2.0000	8.0000	72.0000		wh2_dlc13_weapon_fire_arrow_impact	0.0000		wh2_dlc13_arrow_of_aqshy		1.0000	false	0.0000	wh_main_unit_explosion_medium	300.0000	-1.0000	true	false
wh2_dlc13_lord_abilities_kill_shot	percussive	shockwave	1.0000	1.0000	20.0000	0.0000		wh2_dlc13_abilities_amber_bow_impact	0.0000		wh2_dlc13_deathblow		0.0000	false	50.0000	wh_main_unit_explosion_light	200.0000	-1.0000	true	false
wh2_dlc13_lord_abilities_oil_flask	percussive	shockwave	7.0000	0.0000	13.0000	3.0000		wh2_dlc13_abilities_oil_flask_explosion	0.0000		wh2_dlc13_oil_flask	wh2_dlc13_lord_abilities_oil_flask	1.0000	false	1.0000	wh_main_unit_explosion_light	200.0000	1.0000	true	false
wh2_dlc13_weapon_abilities_amber_bow	percussive	shockwave	1.0000	1.0000	10.0000	30.0000		wh2_dlc13_abilities_amber_bow_impact	0.0000				0.0000	true	65.0000	wh_main_unit_explosion_light	60.0000	-1.0000	true	true
wh2_dlc14_character_abilities_cracklebomb	percussive	shockwave	7.0000	0.0000	13.0000	60.0000		wh2_main_ruin_warp_lightning_impact	0.0000		wh2_dlc14_ability_cracklebomb		25.0000	true	20.0000	wh_main_unit_explosion_light	200.0000	1.0000	true	false
wh2_dlc14_def_medusa_gaze	percussive	shockwave	3.0000	0.5000	50.0000	15.0000			0.0000		wh2_dlc14_medusa_gaze_explosion		0.0000	true	30.0000	wh_main_unit_explosion_medium	60.0000	-1.0000	true	false
wh2_dlc14_emp_rocket_explosion_sunmaker	percussive	shockwave	6.0000	0.0000	11.0000	22.0000		wh_main_generic_spherical_explosion_large	0.0000		wh_rocket		1.0000	false	51.0000	wh_main_unit_explosion_medium	200.0000	-1.0000	true	false
wh2_dlc14_lord_abilities_reaper_of_souls_miscast	percussive	shockwave	2.0000	0.0000	5.0000	0.0000		wh2_dlc14_abilities_reaper_of_souls	0.0000			wh2_dlc14_lord_abilities_reaper_of_souls_miscast	0.0000	false	0.0000		1.0000	-1.0000	true	false
wh2_dlc14_lord_abilities_the_daemons_curse_miscast	percussive	shockwave	2.0000	0.0000	5.0000	0.0000			0.0000			wh2_dlc14_lord_abilities_the_daemons_curse_miscast	0.0000	false	0.0000		1.0000	-1.0000	true	false
wh2_dlc14_skv_poison_wind_globe	percussive	shockwave	2.0000	0.0000	15.0000	6.0000			0.0000		none	wh2_dlc14_unit_contact_poisoned_wind	0.0000	true	22.0000	wh_main_unit_explosion_light	30.0000	-1.0000	true	false
wh2_dlc14_skv_poison_wind_mortar	percussive	shockwave	6.0000	0.0000	20.0000	12.0000		wh2_dlc14_poisoned_wind_mortar_impact	0.0000		wh2_dlc14_poison_wind_globe	wh2_dlc14_unit_contact_poisoned_wind	0.0000	true	16.0000	wh_main_unit_explosion_medium	260.0000	-1.0000	true	false
wh2_dlc14_skv_poison_wind_mortar_alt	percussive	shockwave	6.0000	0.0000	20.0000	12.0000		wh2_dlc14_poisoned_wind_mortar_impact	0.0000		wh2_dlc14_poison_wind_globe	wh2_dlc14_unit_contact_poisoned_wind_alt	0.0000	true	16.0000	wh_main_unit_explosion_medium	260.0000	-1.0000	true	false
wh2_dlc14_skv_poison_wind_mortar_ror	fuse	shockwave	1.0000	1.0000	10.0000	94.0000	wh2_dlc14_skv_poison_wind_mortar_ror_shrapnel	wh2_dlc14_poisoned_wind_mortar_ror_impact	50.0000		wh2_dlc14_poison_wind_globe_ROR		0.0000	true	220.0000	wh_main_unit_explosion_light	120.0000	-1.0000	true	false
wh2_dlc14_skv_poison_wind_mortar_ror_alt	fuse	shockwave	1.0000	1.0000	10.0000	94.0000	wh2_dlc14_skv_poison_wind_mortar_ror_shrapnel_alt	wh2_dlc14_poisoned_wind_mortar_ror_impact	50.0000		wh2_dlc14_poison_wind_globe_ROR	wh2_dlc14_unit_contact_poisoned_wind_alt	0.0000	true	220.0000	wh_main_unit_explosion_light	120.0000	-1.0000	true	false
wh2_dlc14_skv_poison_wind_mortar_ror_shrapnel	percussive	shockwave	4.0000	0.0000	15.0000	9.0000		wh2_dlc14_poisoned_wind_mortar_ror_shrapnel_impact	0.0000		wh2_dlc14_poison_wind_globe_RoR_shrapnel		0.0000	true	33.0000	wh_main_unit_explosion_light	65.0000	-1.0000	true	false
wh2_dlc14_skv_poison_wind_mortar_ror_shrapnel_alt	percussive	shockwave	4.0000	0.0000	15.0000	9.0000		wh2_dlc14_poisoned_wind_mortar_ror_shrapnel_impact	0.0000		wh2_dlc14_poison_wind_globe_RoR_shrapnel	wh2_dlc14_unit_contact_poisoned_wind_alt	0.0000	true	33.0000	wh_main_unit_explosion_light	65.0000	-1.0000	true	false
wh2_dlc14_spell_bound_warpfireball	percussive	shockwave	5.0000	1.0000	11.0000	144.0000		wh2_dlc14_warp_fireball_explosion	0.0000		wh_main_spell_fire_fireball		1.0000	true	0.0000	wh_main_unit_explosion_light	450.0000	-1.0000	true	false
wh2_dlc14_spell_stealth_warp_stars	percussive	shockwave	1.0000	1.0000	5.0000	30.0000		wh2_dlc14_spell_stealth_warp_stars	0.0000				0.0000	true	45.0000	wh_main_unit_explosion_light	50.0000	-1.0000	true	true
wh2_dlc14_spell_stealth_warp_stars_upgraded	percussive	shockwave	1.0000	1.0000	5.0000	30.0000		wh2_dlc14_spell_stealth_warp_stars_upgraded	0.0000				0.0000	true	45.0000	wh_main_unit_explosion_light	75.0000	-1.0000	true	true
wh2_dlc14_stealth_miscast	percussive	shockwave	3.0000	1.0000	12.0000	288.0000		wh_main_generic_miscast	0.0000		wh2_magic_miscast_generic		0.0000	true	300.0000	wh_main_unit_explosion_light	150.0000	-1.0000	true	false
wh2_dlc14_unit_abilities_doppelgang_miscast	percussive	shockwave	2.0000	1.0000	20.0000	0.0000			0.0000			wh2_dlc14_unit_abilities_doppelgang	0.0000	false	0.0000		1.0000	-1.0000	true	false
wh2_dlc15_abilities_grn_swamp_breath	percussive	shockwave	5.0000	0.0000	11.0000	0.0000			0.0000		none		0.0000	false	54.0000	wh_main_unit_explosion_light	120.0000	-1.0000	true	false
wh2_dlc15_army_abilities_doom_diver_strike_explosion	percussive	carcass	1.0000	0.0000	10.0000	60.0000			0.0000				0.0000	false	30.0000	wh_main_unit_explosion_medium	100.0000	-1.0000	true	false
wh2_dlc15_grn_arrow_explosion	percussive	shockwave	2.0000	0.0000	13.0000	3.0000		wh2_dlc11_weapon_gunners_impact	0.0000		wh_blasting_charge		25.0000	false	1.0000	wh_main_unit_explosion_light	200.0000	1.0000	true	false
wh2_dlc15_grn_pumpwagon_spore	percussive	shockwave	3.0000	0.0000	25.0000	10.0000		wh3_dlc24_abilities_giant_exploding_spores_s	0.0000		wh2_dlc16_snotling_pump_wagon_spore		1.0000	false	5.0000		10.0000	-1.0000	false	false
wh2_dlc15_grn_rogue_idol_boulder_explosion_ror	percussive	shockwave	7.0000	0.0000	10.0000	60.0000		wh2_dlc15_rogue_boulder_explosion	0.0000		wh2_dlc15_rogue_idol_projectile_explosion		0.0000	true	100.0000	wh_main_unit_explosion_heavy	200.0000	-1.0000	true	false
wh2_dlc15_hef_black_dragon_explosion_imrik	percussive	shockwave	5.0000	0.0000	11.0000	40.0000			0.0000		wh2_dragon_breath_poison	wh2_dlc15_unit_contact_shackolot_breath	0.0000	false	15.0000	wh_main_unit_explosion_medium	50.0000	-1.0000	true	false
wh2_dlc15_hef_sun_dragon_explosion_imrik	percussive	shockwave	10.0000	0.0000	11.0000	62.0000			0.0000		wh2_dragon_breath_fire		1.0000	false	25.0000	wh_main_unit_explosion_medium	190.0000	-1.0000	true	false
wh2_dlc15_lord_passive_mistwalkers_barrage	percussive	shockwave	2.0000	1.0000	10.0000	0.0000			0.0000				0.0000	true	50.0000	wh_main_unit_explosion_light	60.0000	-1.0000	false	false
wh2_dlc15_unit_abilities_arachneruption	percussive	shockwave	3.0000	1.0000	12.0000	0.0000		wh_main_fire_piercing_bolts_of_burning_explode	0.0000		wh2_dlc15_arachneruption_explosion		1.0000	true	90.0000	wh_main_unit_explosion_light	400.0000	-1.0000	true	false
wh2_dlc15_unit_passive_giant_explodin_spores	percussive	shockwave	10.0000	0.0000	50.0000	6.0000		wh2_dlc15_abilities_giant_exploding_spores	0.0000		wh2_DLC15_giant_explodin_spores_explosion		1.0000	false	6.0000	wh_main_unit_explosion_medium	700.0000	-1.0000	true	false
wh2_dlc15_unit_passive_rubble_and_ruin_bombardment	percussive	shockwave	4.0000	0.0000	12.0000	0.0000			0.0000		wh2_dlc15_rubble_and_ruin_impact		0.0000	false	30.0000	wh_main_unit_explosion_medium	260.0000	-1.0000	true	false
wh2_dlc16_item_abilities_dart_of_doom	percussive	shockwave	7.0000	1.0000	15.0000	0.0000			0.0000		wh2_dlc16_item_abilities_dart_of_doom	wh2_dlc16_unit_contact_weakened	0.0000	true	100.0000	wh_main_unit_explosion_light	150.0000	-1.0000	true	true
wh2_dlc16_unit_abilities_volley_of_kurnous	percussive	shockwave	3.0000	1.0000	10.0000	0.0000		wh_dlc05_ability_arrow_of_kurnous_explosion	0.0000				0.0000	true	30.0000	wh_main_unit_explosion_light	150.0000	-1.0000	true	false
wh2_dlc17_army_abilities_ancestral_rune_of_grimnir	percussive	shockwave	20.0000	1.0000	20.0000	0.0000			0.0000				0.0000	true	144.0000	wh_main_unit_explosion_heavy	500.0000	-1.0000	true	false
wh2_dlc17_army_abilities_shatterstone	percussive	shockwave	1.0000	0.0000	10.0000	0.0000		wh_dlc08_ability_exploding_fart	0.0000		wh2_main_ability_vauls_hammer		1.0000	true	100.0000	wh2_vauls_hammer	400.0000	-1.0000	true	true
wh2_dlc17_dwf_rune_of_burning_flame_cannon	percussive	shockwave	8.0000	0.0000	12.0000	15.0000			0.0000		wh_fireball	wh_main_unit_contact_morale	1.0000	false	5.0000	wh_main_unit_explosion_medium	180.0000	-1.0000	true	false
wh2_dlc17_dwf_rune_of_burning_generic	percussive	shockwave	3.0000	0.0000	10.0000	4.0000		wh_main_weapon_flamethrower_explosion	0.0000		wh_grenade	wh_main_unit_contact_morale	1.0000	false	10.0000	wh_main_unit_explosion_light	100.0000	-1.0000	true	false
wh2_dlc17_dwf_rune_of_burning_grudge_thrower	percussive	shockwave	4.0000	0.0000	12.0000	75.0000		wh_main_weapon_flamethrower_explosion	0.0000		wh_fireball	wh_main_unit_contact_morale	1.0000	false	70.0000	wh_main_unit_explosion_medium	180.0000	-1.0000	true	false
wh2_dlc17_dwf_rune_of_burning_organ_gun	percussive	shockwave	1.0000	0.0000	14.0000	5.0000		wh_main_weapon_trollhammer_explosion	0.0000		wh_grenade	wh_main_unit_contact_morale	1.0000	false	6.0000	wh_main_unit_explosion_light	40.0000	-1.0000	true	false
wh2_dlc17_lzd_blowpipe_chameleon_stalkers_explosion	percussive	shockwave	2.0000	0.0000	10.0000	21.0000		wh_main_weapon_trollhammer_explosion	0.0000		wh2_dlc17_chameleon_stalkers_blowpipe_explosion		1.0000	false	7.0000	wh_main_unit_explosion_light	100.0000	1.0000	true	false
wh2_dlc17_lzd_fireblood_explosion	percussive	shockwave	2.0000	0.0000	13.0000	3.0000			0.0000				1.0000	false	1.0000		200.0000	1.0000	true	false
wh2_dlc17_lzd_troglodon_spit	percussive	shockwave	5.0000	0.5000	5.0000	140.0000			0.0000		wh2_dlc17_troglodon_spit_explosion		0.0000	false	80.0000	wh_main_unit_explosion_medium	10.0000	-1.0000	true	false
wh2_dlc17_rune_abilities_master_rune_of_immolation	percussive	shockwave	6.0000	1.0000	12.0000	0.0000		wh_main_fire_piercing_bolts_of_burning_explode	0.0000		wh2_dlc15_arachneruption_explosion		1.0000	false	120.0000	wh_main_unit_explosion_light	400.0000	-1.0000	true	false
wh2_dlc17_rune_miscast	percussive	shockwave	3.0000	1.0000	12.0000	288.0000		wh_main_generic_miscast	0.0000		wh2_magic_miscast_generic		0.0000	true	300.0000	wh_main_unit_explosion_light	150.0000	-1.0000	true	false
wh2_main_army_abilities_bloodwrack_cauldron	percussive	shockwave	18.0000	1.0000	18.0000	0.0000			0.0000		wh2_main_ability_bloodwrack_cauldron		0.0000	true	72.0000	wh_main_unit_explosion_heavy	500.0000	-1.0000	true	true
wh2_main_army_abilities_bolt_of_spite	percussive	shockwave	6.0000	1.0000	11.0000	180.0000		wh2_main_abilities_bolt_of_spite_explosion	0.0000		wh_main_spell_fire_fireball		0.0000	true	0.0000	wh_main_unit_explosion_light	450.0000	-1.0000	true	true
wh2_main_army_abilities_brazen_cauldron	percussive	shockwave	18.0000	1.0000	18.0000	0.0000			0.0000		wh2_main_ability_brazen_cauldron		0.0000	true	48.0000	wh_main_unit_explosion_heavy	500.0000	-1.0000	true	true
wh2_main_army_abilities_khaines_flail	percussive	shockwave	6.0000	1.0000	11.0000	0.0000			0.0000		wh_urannons_thunderbolt		0.0000	true	68.0000	wh_main_unit_explosion_light	450.0000	-1.0000	true	true
wh2_main_army_abilities_khaines_lash	percussive	shockwave	6.0000	1.0000	11.0000	0.0000			0.0000		wh_urannons_thunderbolt		0.0000	true	68.0000	wh_main_unit_explosion_light	450.0000	-1.0000	true	true
wh2_main_army_abilities_khaines_scourge	percussive	shockwave	6.0000	1.0000	11.0000	0.0000			0.0000		wh_urannons_thunderbolt		0.0000	true	68.0000	wh_main_unit_explosion_light	450.0000	-1.0000	true	true
wh2_main_army_abilities_sky_cauldron	percussive	shockwave	18.0000	1.0000	18.0000	0.0000			0.0000		wh2_main_ability_sky_cauldron		0.0000	true	24.0000	wh_main_unit_explosion_heavy	500.0000	-1.0000	true	true
wh2_main_army_abilities_soul_rain	percussive	shockwave	3.0000	1.0000	12.0000	0.0000		wh2_main_abilities_soul_rain_explosion	0.0000		wh2_main_ability_soul_rain		0.0000	true	36.0000	wh_main_unit_explosion_light	400.0000	-1.0000	true	true
wh2_main_army_abilities_soul_storm	percussive	shockwave	3.0000	1.0000	12.0000	0.0000		wh2_main_abilities_soul_storm_explosion	0.0000		wh2_main_ability_soul_storm		0.0000	true	36.0000	wh_main_unit_explosion_light	400.0000	-1.0000	true	true
wh2_main_army_abilities_soul_torrent	percussive	shockwave	3.0000	1.0000	12.0000	0.0000		wh2_main_abilities_soul_torrent_explosion	0.0000		wh2_main_ability_soul_torrent		0.0000	true	36.0000	wh_main_unit_explosion_light	400.0000	-1.0000	true	true
wh2_main_army_abilities_vauls_hammer	percussive	shockwave	1.0000	0.0000	10.0000	0.0000		wh2_main_abilities_vauls_hammer	0.0000		wh2_main_ability_vauls_hammer		1.0000	true	100.0000	wh2_vauls_hammer	400.0000	-1.0000	true	true
wh2_main_army_abilities_vortic_blast	percussive	shockwave	12.0000	1.0000	12.0000	0.0000	skaven_bomb	wh2_main_abilities_vortic_blast	0.0000		wh2_main_ability_vortic_blast		1.0000	false	132.0000	wh_main_unit_explosion_heavy	500.0000	-1.0000	true	false
wh2_main_army_abilities_vortic_blast_shrapnel	percussive	shockwave	2.0000	1.0000	12.0000	0.0000		wh2_main_abilities_vortic_blast_shrapnel_explosion	0.0000		wh_bomb		1.0000	false	132.0000	wh_main_unit_explosion_medium	400.0000	-1.0000	true	true
wh2_main_army_abilities_vortic_enrichment	percussive	shockwave	28.0000	4.0000	12.0000	0.0000	heal_splosion	wh2_main_abilities_vortic_enrichment	0.0000		wh2_main_ability_vortic_enrichment	wh2_main_unit_contact_healing_heavy	0.0000	false	0.0000	wh_main_unit_explosion_light	20.0000	-1.0000	true	false
wh2_main_army_abilities_vortic_enrichment_shrapnel	percussive	shockwave	2.0000	1.0000	12.0000	0.0000		wh2_main_abilities_vortic_enrichment_shrapnel_explosion	0.0000		wh_bomb	wh2_main_unit_contact_healing_light	0.0000	false	0.0000	wh_main_unit_explosion_light	10.0000	-1.0000	true	false
wh2_main_army_abilities_warpbomb	percussive	shockwave	2.0000	0.0000	100.0000	0.0000			0.0000			wh2_main_unit_contact_kill_self	1.0000	true	0.0000	wh_main_unit_explosion_medium	0.0000	-1.0000	true	true
wh2_main_bound_doombolt	percussive	shockwave	7.0000	1.0000	11.0000	0.0000		wh2_main_dark_doombolt_impact	0.0000		wh_main_spell_dark_magic_doombolt		0.0000	true	44.0000	wh_main_unit_explosion_light	450.0000	-1.0000	true	true
wh2_main_bound_shems_burning_gaze	percussive	shockwave	1.0000	1.0000	5.0000	20.0000		wh_main_light_shems_burning_gaze_explosion	0.0000		wh_main_spell_light_shems_burning_gaze		1.0000	true	45.0000	wh_main_unit_explosion_light	40.0000	-1.0000	true	true
wh2_main_bound_urannons_thunderbolt	percussive	shockwave	8.0000	1.0000	12.0000	0.0000			0.0000		wh3_thorsens_thunderstorm		0.0000	true	68.0000	wh_main_unit_explosion_light	400.0000	-1.0000	true	true
wh2_main_character_abilities_volley_of_dark_arrows	percussive	shockwave	4.0000	1.0000	10.0000	0.0000		wh2_main_ability_def_volley_arrows_explosion	0.0000		wh_generic_small		0.0000	true	150.0000	wh_main_unit_explosion_light	150.0000	-1.0000	true	true
wh2_main_character_abilities_volley_of_high_arrows	percussive	shockwave	4.0000	1.0000	10.0000	0.0000		wh2_main_ability_hef_volley_arrows_explosion	0.0000		wh_generic_small		0.0000	true	150.0000	wh_main_unit_explosion_light	150.0000	-1.0000	true	true
wh2_main_character_passive_fallen_mages	percussive	shockwave	3.0000	1.0000	10.0000	288.0000		wh2_main_mage_death	0.0000		wh_generic_small		0.0000	true	300.0000	wh_main_unit_explosion_light	150.0000	-1.0000	true	true
wh2_main_chs_chaos_dragon_explosion	percussive	shockwave	5.0000	0.0000	11.0000	17.0000			0.0000		wh2_dragon_breath_dark		1.0000	false	29.0000	wh_main_unit_explosion_medium	170.0000	-1.0000	true	false
wh2_main_def_black_dragon_explosion	percussive	shockwave	5.0000	0.0000	11.0000	36.0000			0.0000		wh2_dragon_breath_poison	wh2_main_unit_contact_noxious_breath	0.0000	false	15.0000	wh_main_unit_explosion_medium	50.0000	-1.0000	true	false
wh2_main_def_war_hydra_explosion	percussive	shockwave	4.0000	0.0000	11.0000	36.0000			0.0000		wh2_dragon_breath_fire		1.0000	false	20.0000	wh_main_unit_explosion_medium	120.0000	-1.0000	true	false
wh2_main_hef_moon_dragon_explosion	percussive	shockwave	5.0000	0.0000	11.0000	37.0000			0.0000		wh2_dragon_breath_fire		1.0000	false	20.0000	wh_main_unit_explosion_medium	170.0000	-1.0000	true	false
wh2_main_hef_star_dragon_explosion	percussive	shockwave	5.0000	0.0000	11.0000	19.0000			0.0000		wh2_dragon_breath_dark		1.0000	false	31.0000	wh_main_unit_explosion_medium	170.0000	-1.0000	true	false
wh2_main_hef_sun_dragon_explosion	percussive	shockwave	5.0000	0.0000	11.0000	31.0000			0.0000		wh2_dragon_breath_fire		1.0000	false	15.0000	wh_main_unit_explosion_medium	170.0000	-1.0000	true	false
wh2_main_hero_abilities_doomrocket	fuse	shockwave	6.0000	1.0000	10.0000	52.0000	doom_shrapnel	wh2_main_abilities_doomrocket_impact	40.0000		wh_rocket		1.0000	true	26.0000	wh_main_unit_explosion_light	150.0000	-1.0000	true	false
wh2_main_hero_abilities_doomrocket_shrapnel	percussive	shockwave	6.0000	1.0000	10.0000	52.0000		wh2_main_abilities_doomrocket_shrapnel_impact	-1.0000		wh_rocket		1.0000	true	26.0000	wh_main_unit_explosion_light	150.0000	1.0000	true	false
wh2_main_lzd_bastiladon_solar_engine	percussive	shockwave	4.0000	1.0000	10.0000	154.0000		wh2_main_weapon_solar_engine_explosion	0.0000		wh2_dlc12_solar_engine		1.0000	true	66.0000	wh_main_unit_explosion_medium	200.0000	-1.0000	true	false
wh2_main_rebirth_miscast	percussive	shockwave	3.0000	1.0000	12.0000	0.0000			0.0000			wh2_main_unit_passive_rebirth_miscast	0.0000	false	0.0000		0.0000	-1.0000	true	false
wh2_main_skaven_miscast	percussive	shockwave	3.0000	1.0000	12.0000	288.0000		wh2_dlc12_skv_miscast	0.0000		wh2_magic_miscast_generic		0.0000	true	300.0000	wh_main_unit_explosion_light	150.0000	-1.0000	true	false
wh2_main_skv_death_globe	percussive	shockwave	4.0000	0.0000	15.0000	9.0000		wh2_main_death_cloud_impact	0.0000		none		0.0000	true	33.0000	wh_main_unit_explosion_light	65.0000	-1.0000	true	false
wh2_main_skv_doomwheel_warp_lightning	percussive	shockwave	4.0000	0.0000	8.0000	0.0000		wh2_main_machine_warp_lightning_doomwheel_impact	0.0000		wh_lord_of_the_storm		0.0000	true	20.0000	wh_main_unit_explosion_medium	75.0000	-1.0000	true	false
wh2_main_skv_plagueclaw	percussive	shockwave	5.0000	0.0000	11.0000	35.0000		wh2_main_machine_plagueclaw_catapult_impact	0.0000		wh2_plagueclaw_catapult	wh2_main_unit_contact_plague_monk_censer_morale	0.0000	true	70.0000	wh_main_unit_explosion_medium	180.0000	-1.0000	true	false
wh2_main_skv_poison_wind_globe	percussive	shockwave	2.0000	0.0000	15.0000	12.0000			0.0000		none	wh2_dlc14_unit_contact_poisoned_wind	0.0000	true	16.0000	wh_main_unit_explosion_light	30.0000	-1.0000	true	false
wh2_main_skv_smoke_bomb	percussive	shockwave	4.0000	0.0000	8.0000	10.0000		wh2_main_noxious_cloud_impact	0.0000		wh_bomb	wh_main_unit_contact_poison	0.0000	false	5.0000	wh_main_unit_explosion_light	10.0000	-1.0000	true	false
wh2_main_skv_warlock_doomrocket	percussive	shockwave	7.0000	0.0000	11.0000	70.0000		wh_main_generic_spherical_explosion_large	0.0000		wh_rocket		0.0000	false	35.0000	wh_main_unit_explosion_medium	200.0000	-1.0000	true	false
wh2_main_skv_warp_lightning	percussive	shockwave	2.0000	0.0000	12.0000	5.0000		wh2_main_machine_warp_lightning_cannon_explosion	0.0000		wh2_dlc12_warplightning_cannon		0.0000	true	20.0000	wh_main_unit_explosion_medium	70.0000	-1.0000	true	false
wh2_main_skv_warpfire	percussive	shockwave	3.0000	0.0000	14.0000	20.0000		wh2_main_weapon_warpfire_thrower_explosion	0.0000				1.0000	true	7.0000	wh_main_unit_explosion_medium	40.0000	-1.0000	true	false
wh2_main_skv_warpfire_ikit	percussive	shockwave	5.0000	0.0000	11.0000	150.0000		wh2_main_weapon_warpfire_thrower_explosion	0.0000				1.0000	true	66.0000	wh_main_unit_explosion_medium	170.0000	-1.0000	true	false
wh2_main_spell_dark_magic_doombolt	percussive	shockwave	7.0000	1.0000	11.0000	0.0000		wh3_main_dark_doombolt_explosion	0.0000		wh_main_spell_dark_magic_doombolt		0.0000	true	132.0000	wh_main_unit_explosion_light	450.0000	-1.0000	true	true
wh2_main_spell_high_magic_soul_quench	percussive	shockwave	5.0000	1.0000	5.0000	180.0000		wh2_main_high_soul_quench_explosion	0.0000		wh2_main_spell_high_magic_soul_quench		0.0000	true	0.0000	wh_main_unit_explosion_light	70.0000	-1.0000	true	true
wh2_main_spell_high_magic_soul_quench_upgraded	percussive	shockwave	8.0000	1.0000	5.0000	306.0000		wh2_main_high_soul_quench_explosion	0.0000		wh2_main_spell_high_magic_soul_quench		0.0000	true	0.0000	wh_main_unit_explosion_light	90.0000	-1.0000	true	true
wh2_main_spell_plague_the_dreaded_thirteenth_spell	percussive	shockwave	20.0000	1.0000	20.0000	54.0000	dreaded_fireworks	wh2_main_plague_dreaded_thirteenth_spell	0.0000				0.0000	true	27.0000	wh_main_unit_explosion_heavy	170.0000	-1.0000	false	true
wh2_main_spell_plague_the_dreaded_thirteenth_spell_shrapnel	percussive	shockwave	6.0000	1.0000	6.0000	26.0000		wh2_main_abilities_doomrocket_shrapnel_impact	-1.0000		wh_rocket		0.0000	true	0.0000	wh_main_unit_explosion_light	170.0000	0.5000	true	false
wh2_main_spell_plague_vermintide	percussive	shockwave	8.0000	1.0000	14.0000	0.0000			0.0000				1.0000	false	0.0000	wh_main_unit_explosion_heavy	170.0000	-1.0000	false	true
wh2_main_spell_ruin_warp_lightning	percussive	shockwave	6.0000	0.0000	12.0000	0.0000		wh2_main_ruin_warp_lightning_impact	0.0000		wh_main_spell_ruin_warp_lightning		0.0000	true	24.0000	wh_main_unit_explosion_medium	400.0000	-1.0000	true	true
wh2_main_unit_abilities_drop_rocks	percussive	shockwave	5.0000	0.0000	11.0000	36.0000		wh2_main_weapon_lzd_drop_rocks_explosion	0.0000		wh3_dlc26_bomb_generic_explosion		0.0000	false	18.0000	wh_main_unit_explosion_medium	450.0000	-1.0000	true	false
wh2_main_unit_abilities_wake_of_fire	percussive	shockwave	6.0000	0.0000	11.0000	60.0000		wh2_main_abilities_wake_of_fire_explosion	0.0000		wh_bomb		1.0000	false	30.0000	wh_main_unit_explosion_medium	450.0000	-1.0000	true	false
wh2_main_unit_lzd_terradon_fireleech_bola_explosion	percussive	shockwave	4.0000	0.0000	11.0000	27.0000		wh_main_generic_spherical_explosion_small	0.0000		wh_grenade		25.0000	false	11.0000	wh_main_unit_explosion_light	120.0000	-1.0000	true	false
wh2_main_vmp_terrorgheist_breath_explosion	percussive	shockwave	4.0000	0.0000	11.0000	12.0000			0.0000		wh2_dragon_breath_fire	wh_main_unit_contact_overhead_morale	0.0000	true	31.0000	wh_main_unit_explosion_medium	100.0000	-1.0000	true	false
wh2_main_vmp_zombie_dragon_explosion	percussive	shockwave	5.0000	0.0000	11.0000	37.0000			0.0000		wh2_dragon_breath_zombie	wh2_main_unit_contact_noxious_breath	0.0000	false	20.0000	wh_main_unit_explosion_medium	50.0000	-1.0000	true	false
wh2_main_weapon_abilities_bow_of_the_seafarer	percussive	shockwave	4.0000	1.0000	10.0000	0.0000		wh2_main_abilities_bow_of_the_seafarer_explosion	0.0000		wh_generic_small		0.0000	true	26.0000	wh_main_unit_explosion_light	150.0000	-1.0000	true	true
wh2_main_weapon_bound_reaver_bow	percussive	shockwave	6.0000	0.0000	13.0000	0.0000		wh_dlc05_abilities_hail_of_doom_explosion	0.0000		wh_main_spell_fire_fireball		0.0000	true	45.0000	wh_main_unit_explosion_medium	70.0000	-1.0000	true	true
wh2_main_wef_forest_dragon_explosion	percussive	shockwave	5.0000	0.0000	11.0000	36.0000			0.0000		wh2_dragon_breath_poison	wh2_main_unit_contact_noxious_breath	0.0000	false	17.0000	wh_main_unit_explosion_medium	50.0000	-1.0000	true	false
wh2_pro08_character_passive_heroic_fortitude_miscast	percussive	shockwave	3.0000	1.0000	12.0000	288.0000			0.0000				0.0000	false	0.0000		1.0000	-1.0000	true	false
wh3_cth_sky_lantern_flame_explosion	percussive	shockwave	5.0000	0.0000	10.0000	30.0000		wh_main_weapon_flamethrower_explosion	0.0000				1.0000	false	12.0000	wh_main_unit_explosion_light	80.0000	-1.0000	true	false
wh3_dlc20_lord_abilities_tempest_rage	percussive	shockwave	4.0000	1.0000	12.0000	0.0000			0.0000		wh3_thorsens_thunderstorm		0.0000	true	16.0000	wh_main_unit_explosion_light	400.0000	-1.0000	true	true
wh3_dlc20_unit_abilities_storm_rage	percussive	shockwave	3.0000	1.0000	12.0000	0.0000			0.0000		wh3_thorsens_thunderstorm		0.0000	true	4.0000	wh_main_unit_explosion_light	400.0000	-1.0000	true	true
wh3_dlc23_army_abilities_doom_of_hashut	percussive	shockwave	25.0000	1.0000	25.0000	0.0000			0.0000		wh2_dlc23_doom_of_hashut_explosion		1.0000	true	120.0000	wh_main_unit_explosion_heavy	400.0000	-1.0000	true	false
wh3_dlc23_character_abilities_skjalandirs_fall	percussive	shockwave	1.0000	1.0000	20.0000	0.0000		wh3_dlc23_ulrika_special_arrow_impact	0.0000				0.0000	false	50.0000	wh_main_unit_explosion_light	200.0000	-1.0000	true	false
wh3_dlc23_chd_bale_taurus_fire_breath	percussive	shockwave	4.0000	0.0000	11.0000	36.0000			0.0000		none		0.0000	false	20.0000	wh_main_unit_explosion_medium	120.0000	-1.0000	true	false
wh3_dlc23_chd_cha_pistol_flare	percussive	shockwave	3.0000	0.0000	13.0000	34.0000		wh3_dlc23_wheelock_pistol_flare_explosion	0.0000		wh3_dlc23_chd_wheelock_pistol_flare_Explosion	wh2_dlc12_unit_contact_flammable	1.0000	false	15.0000	wh_main_unit_explosion_light	180.0000	-1.0000	true	false
wh3_dlc23_chd_deathshrieker_rocket_demolition	percussive	shockwave	3.0000	1.0000	20.0000	30.0000		wh3_dlc23_deathshrieker_rocket_demolition_explosion_air	0.0000	wh3_dlc23_deathshrieker_rocket_demolition_explosion	wh3_dlc23_chd_deathshrieker_demolition		0.0000	true	90.0000	wh_main_unit_explosion_medium	400.0000	-1.0000	true	false
wh3_dlc23_chd_deathshrieker_rocket_stage_1	fuse	shockwave	5.0000	1.0000	12.0000	35.0000	deathshrieker_rocket	wh3_dlc23_deathshrieker_rocket_explosion_air	60.0000		wh3_dlc23_chd_deathshrieker		1.0000	true	55.0000	wh_main_unit_explosion_medium	300.0000	-1.0000	true	false
wh3_dlc23_chd_deathshrieker_rocket_stage_2	percussive	shockwave	5.0000	1.0000	12.0000	25.0000		wh3_dlc23_deathshrieker_rocket_explosion_ground	0.0000				1.0000	true	55.0000	wh_main_unit_explosion_light	300.0000	-1.0000	true	false
wh3_dlc23_chd_dreadquake_mortar_explosion	percussive	shockwave	15.0000	0.0000	60.0000	10.0000		wh3_dlc23_dreadquake_circular_explosion	0.0000	wh3_dlc23_mushroom_cloud	wh3_dlc23_dreadquake_mortar_explosion	wh2_dlc11_unit_contact_monstrous_impact	0.0000	false	80.0000	wh_main_unit_explosion_heavy	1000.0000	-1.0000	true	false
wh3_dlc23_chd_infernal_castellan_rifle_explosive	percussive	shockwave	4.0000	0.0000	13.0000	12.0000		wh2_dlc11_weapon_gunners_impact	0.0000		wh_blasting_charge		0.0000	false	5.0000	wh_main_unit_explosion_light	110.0000	1.0000	true	false
wh3_dlc23_chd_iron_daemon_flame_cannon_explosion	percussive	shockwave	3.0000	0.0000	14.0000	30.0000			0.0000				1.0000	false	10.0000	wh_main_unit_explosion_light	40.0000	-1.0000	true	false
wh3_dlc23_chd_magma_cannon_explosion	percussive	shockwave	7.0000	0.0000	12.0000	70.0000		wh3_dlc23_magma_cannon_circular_explosion	0.0000	wh3_dlc23_magma_cannon_circular_explosion	wh3_dlc23_chd_magma_cannon	wh_main_unit_contact_morale	1.0000	false	30.0000	wh_main_unit_explosion_medium	180.0000	-1.0000	true	false
wh3_dlc23_chd_naptha_bomb_explosion_character	percussive	shockwave	3.0000	0.0000	13.0000	60.0000		wh_main_generic_explosion_mine	0.0000		wh3_dlc23_chd_naptha_bomb_explosion		25.0000	false	30.0000	wh_main_unit_explosion_light	200.0000	1.0000	true	false
wh3_dlc23_chd_naptha_bomb_explosion_unit	percussive	shockwave	3.0000	0.0000	13.0000	27.0000		wh3_dlc23_naptha_bomb	0.0000		wh3_dlc23_chd_naptha_bomb_explosion		25.0000	false	11.0000	wh_main_unit_explosion_light	200.0000	1.0000	true	false
wh3_dlc23_chd_tower_explosion_magma_ball	percussive	shockwave	5.0000	0.0000	7.0000	70.0000		wh_main_generic_spherical_explosion_large	0.0000		wh3_def_tower_fireball_explosion		0.0000	false	50.0000	wh_main_unit_explosion_medium	100.0000	-1.0000	false	false
wh3_dlc23_chd_tower_explosion_shrieker_rocket	percussive	shockwave	5.0000	0.0000	7.0000	65.0000		wh_main_generic_spherical_explosion_small	0.0000				0.0000	false	35.0000	wh_main_unit_explosion_medium	100.0000	-1.0000	false	false
wh3_dlc23_lord_abilities_flame_and_shadow	percussive	shockwave	7.0000	1.0000	10.0000	30.0000			0.0000		wh2_dlc23_flame_and_shadow_explosion		1.0000	true	60.0000	wh_main_unit_explosion_heavy	400.0000	-1.0000	true	false
wh3_dlc23_spell_hashut_burning_wrath	percussive	shockwave	3.0000	1.0000	11.0000	144.0000		wh3_dlc23_hashut_burning_wrath_impact	0.0000		wh3_dlc23_hashut_burning_wrath_exp		1.0000	true	0.0000	wh_main_unit_explosion_light	450.0000	-1.0000	true	true
wh3_dlc23_spell_hashut_burning_wrath_upgraded	percussive	shockwave	6.0000	1.0000	11.0000	144.0000		wh3_dlc23_hashut_burning_wrath_impact	0.0000		wh3_dlc23_hashut_burning_wrath_exp		1.0000	true	72.0000	wh_main_unit_explosion_light	450.0000	-1.0000	true	true
wh3_dlc23_spell_hashut_flames_of_azgorh	percussive	shockwave	4.0000	1.0000	12.0000	0.0000		wh3_dlc23_hashut_flames_of_azgorh_projectile_impact	0.0000		wh2_dlc23_flames_of_azgorh_explosion		1.0000	true	90.0000	wh_main_unit_explosion_light	400.0000	-1.0000	true	false
wh3_dlc23_spell_hashut_hell_hammer_dummy_explosion	percussive	shockwave	14.0000	1.0000	60.0000	24.0000			0.0000				1.0000	true	24.0000	wh_main_unit_explosion_light	800.0000	-1.0000	true	true
wh3_dlc23_unit_abilities_flaming_breath_explosion	percussive	shockwave	4.0000	0.0000	11.0000	36.0000		wh3_main_abilities_bellow_of_fury_impact_spherical	0.0000		none		0.0000	false	20.0000	wh_main_unit_explosion_medium	120.0000	-1.0000	true	false
wh3_dlc24_item_passive_sentient_stormcloud	percussive	shockwave	4.0000	1.0000	12.0000	0.0000			0.0000		wh3_dlc24_sentient_stormcloud_impact		0.0000	true	25.0000	wh_main_unit_explosion_light	400.0000	-1.0000	false	false
wh3_dlc24_ksl_bow_katarin_sled_ice_shard	percussive	shockwave	3.0000	1.0000	12.0000	0.0000		wh3_main_ability_ice_shard_impact	0.0000		wh_generic_small	wh_dlc08_unit_contact_frostbite	0.0000	true	30.0000	wh_main_unit_explosion_light	400.0000	-1.0000	true	false
wh3_dlc24_lord_abilities_spirit_bear	percussive	shockwave	10.0000	1.0000	11.0000	144.0000		wh3_dlc24_ostankya_spirit_bear_impact	0.0000		wh3_dlc24_mother_ostankya_spiritbear_exp		1.0000	true	56.0000	wh_main_unit_explosion_light	450.0000	-1.0000	true	true
wh3_dlc24_lord_abilities_spirit_bear_upgrade	percussive	shockwave	10.0000	1.0000	11.0000	144.0000		wh3_dlc24_ostankya_spirit_bear_impact	0.0000		wh3_dlc24_mother_ostankya_spiritbear_exp	wh3_dlc24_contact_soul_crash	1.0000	true	56.0000	wh_main_unit_explosion_light	450.0000	-1.0000	true	true
wh3_dlc24_lord_abilities_windblade	percussive	shockwave	3.0000	1.0000	11.0000	144.0000		wh3_dlc24_aekold_projectile_explosion_air	0.0000	wh3_dlc24_aekold_projectile_explosion	wh3_dlc23_hashut_burning_wrath_exp		1.0000	true	0.0000	wh_main_unit_explosion_light	450.0000	-1.0000	true	false
wh3_dlc24_ostankya_attack_explosion	percussive	shockwave	4.0000	1.0000	12.0000	28.0000			0.0000		wh2_casket_of_souls		0.0000	true	64.0000	wh_main_unit_explosion_light	250.0000	-1.0000	true	false
wh3_dlc24_saytang_killshot_explosion	percussive	shockwave	3.0000	0.0000	20.0000	30.0000		wh3_dlc24_saytang_arrow_explosion_killshot	0.0000				0.0000	true	10.0000	wh_main_unit_explosion_heavy	200.0000	-1.0000	true	false
wh3_dlc24_saytang_projectile_explosion	percussive	shockwave	3.0000	0.0000	10.0000	30.0000		wh3_dlc24_saytang_arrow_explosion	0.0000				0.0000	true	10.0000	wh_main_unit_explosion_heavy	200.0000	-1.0000	true	false
wh3_dlc24_scribes_blue_flame_bombardment	percussive	shockwave	5.0000	1.0000	5.0000	30.0000		wh3_main_tzeentch_blue_flame_explosion	0.0000		wh_generic_small	wh3_main_unit_contact_warpflame	1.0000	true	20.0000	wh_main_unit_explosion_light	50.0000	-1.0000	true	true
wh3_dlc24_spell_hags_cursed_cauldron_explosion	percussive	shockwave	4.0000	1.0000	12.0000	28.0000			0.0000		wh3_dlc24_hag_cursed_cauldron_explosion		0.0000	true	64.0000	wh_main_unit_explosion_light	250.0000	-1.0000	true	true
wh3_dlc24_spell_hags_cursed_cauldron_explosion_upgraded	percussive	shockwave	4.0000	1.0000	12.0000	28.0000			0.0000		wh3_dlc24_hag_cursed_cauldron_explosion		0.0000	true	64.0000	wh_main_unit_explosion_light	250.0000	-1.0000	false	true
wh3_dlc24_unit_abilities_ice_breath_explosion	percussive	shockwave	5.0000	0.0000	11.0000	36.0000		wh2_dlc10_frostbreath_impact	0.0000		wh2_dlc10_dragon_breath_ice_multi	wh_dlc08_unit_contact_frostbite	0.0000	false	20.0000	wh_main_unit_explosion_light	5.0000	-1.0000	true	false
wh3_dlc24_unit_abilities_nan_gau_grenade	percussive	shockwave	4.0000	0.0000	12.0000	34.0000		wh3_dlc24_ability_drive_by_grenade_explosion	0.0000		wh3_dlc24_nan_gau_grenade_explosion		1.0000	false	11.0000	wh_main_unit_explosion_medium	200.0000	-1.0000	true	false
wh3_dlc25_active_ability_nemesis_crown	percussive	shockwave	4.0000	1.0000	12.0000	18.0000		wh3_dlc25_nemesis_crown_projectile_impact	0.0000		wh3_ksl_tower_lightning_explosion		0.0000	true	42.0000	wh_main_unit_explosion_heavy	400.0000	-1.0000	true	false
wh3_dlc25_character_abilities_mercurial_shot	percussive	shockwave	5.0000	1.0000	10.0000	25.0000		wh2_dlc09_lib_sepultural_stalker_impact	-1.0000		wh2_screamingskull_catapult		1.0000	true	50.0000	wh_main_unit_explosion_light	100.0000	-1.0000	true	false
wh3_dlc25_character_abilities_pigeon_bombs_stage_1	fuse	shockwave	5.0000	0.0000	12.0000	20.0000	pigeon_bombs	wh3_dlc25_pigeon_bomb_circular_explosion	60.0000		wh3_dlc25_pigeon_bomb_explosion		0.0000	false	30.0000	wh_main_unit_explosion_medium	220.0000	-1.0000	true	false
wh3_dlc25_character_abilities_pigeon_bombs_stage_2	percussive	shockwave	5.0000	0.0000	12.0000	20.0000		wh3_dlc25_pigeon_bomb_explosion	0.0000		wh3_dlc25_pigeon_bomb_explosion_main		0.0000	false	30.0000	wh_main_unit_explosion_medium	220.0000	-1.0000	true	false
wh3_dlc25_dwf_explosive_cannon_ball	percussive	shockwave	5.0000	0.0000	12.0000	90.0000		wh_main_generic_spherical_explosion_small	0.0000		wh_fireball	wh_main_unit_contact_morale	1.0000	false	30.0000	wh_main_unit_explosion_medium	180.0000	-1.0000	true	false
wh3_dlc25_dwf_flamecannon_explosion_shrapnel	fuse	shockwave	5.0000	1.0000	12.0000	15.0000	flame_cannon_shrapnel		40.0000		wh3_dlc25_flame_cannon_shrapnel	wh_main_unit_contact_morale	1.0000	false	6.0000	wh_main_unit_explosion_medium	180.0000	-1.0000	true	false
wh3_dlc25_dwf_flamecannon_explosion_shrapnel_stage_2	percussive	shockwave	5.0000	0.0000	12.0000	5.0000			0.0000			wh_main_unit_contact_morale	1.0000	false	2.0000	wh_main_unit_explosion_medium	180.0000	-1.0000	true	false
wh3_dlc25_dwf_grudge_thrower_explosion_shrapnel_stage_1	fuse	shockwave	4.0000	0.0000	12.0000	60.0000	grudge_thrower_shrapnel		80.0000		wh3_dlc_grudge_thrower_rock_split		0.0000	false	100.0000	wh_main_unit_explosion_medium	180.0000	-1.0000	true	false
wh3_dlc25_dwf_grudge_thrower_explosion_shrapnel_stage_2	percussive	shockwave	4.0000	0.0000	12.0000	15.0000			0.0000		wh3_dlc25_grudge_thrower_mortar		0.0000	false	25.0000	wh_main_unit_explosion_medium	180.0000	-1.0000	true	false
wh3_dlc25_dwf_gyrocopter_brimstone_shot_explosion	percussive	shockwave	3.0000	0.0000	14.0000	10.0000		wh3_dlc25_lord_malakai_bomb_explosion_b	0.0000				1.0000	false	2.0000	wh_main_unit_explosion_light	40.0000	-1.0000	true	false
wh3_dlc25_dwf_gyrocopter_brimstone_trollhammer	percussive	shockwave	2.0000	0.0000	10.0000	10.0000		wh_main_weapon_trollhammer_explosion	0.0000		wh_grenade		0.0000	false	25.0000	wh_main_unit_explosion_light	100.0000	-1.0000	true	false
wh3_dlc25_dwf_thunderbarge_cinderblast_explosion	percussive	shockwave	4.0000	0.0000	13.0000	60.0000		wh3_dlc25_lord_malakai_bomb_explosion_b	0.0000		wh_blasting_charge		0.0000	false	15.0000	wh_main_unit_explosion_light	200.0000	-1.0000	true	false
wh3_dlc25_emp_carmine_dragon_explosion	percussive	shockwave	4.0000	0.0000	11.0000	20.0000			0.0000		wh3_dlc25_carmine_dragon_coruscating_blast	wh_dlc06_unit_contact_sundered_armour	0.0000	true	65.0000	wh_main_unit_explosion_medium	50.0000	-1.0000	true	false
wh3_dlc25_emp_deathstorm_rocket_explosion	percussive	shockwave	6.0000	0.0000	11.0000	11.0000		wh3_dlc25_explosion_purple	0.0000		wh3_dlc25_unit_abilities_purple_eclipse_rocket_explosion		0.0000	true	25.0000	wh_main_unit_explosion_medium	200.0000	-1.0000	true	false
wh3_dlc25_emp_deathstorm_rocket_spirit_leech	percussive	shockwave	4.0000	1.0000	11.0000	0.0000		wh3_dlc25_explosion_purple	0.0000		wh3_dlc25_army_abilities_spirit_barrage_explosion	wh3_dlc25_army_abilities_spirit_barrage	0.0000	true	300.0000	wh_main_unit_explosion_medium	450.0000	-1.0000	true	false
wh3_dlc25_emp_exploding_bullets	percussive	shockwave	2.0000	0.0000	13.0000	1.0000		wh3_dlc25_nuln_ironsides_ror_rifle_explosion	0.0000		wh_blasting_charge		0.0000	false	2.0000	wh_main_unit_explosion_light	50.0000	-1.0000	true	false
wh3_dlc25_emp_exploding_bullets_character	fuse	shockwave	3.0000	0.0000	12.0000	75.0000		wh_main_generic_spherical_explosion_small	1.0000		wh_blasting_charge		0.0000	false	25.0000	wh_main_unit_explosion_light	200.0000	-1.0000	true	false
wh3_dlc25_emp_exploding_bullets_morr	percussive	shockwave	2.0000	0.0000	13.0000	1.0000		wh3_dlc25_nuln_ironsides_ror_rifle_explosion	0.0000		wh_blasting_charge		0.0000	true	2.0000	wh_main_unit_explosion_light	50.0000	-1.0000	true	false
wh3_dlc25_emp_grenade_explosion_master_engineer	percussive	shockwave	6.0000	0.0000	11.0000	200.0000		wh_main_generic_spherical_explosion_large	0.0000		wh_grenade		25.0000	false	60.0000	wh_main_unit_explosion_light	200.0000	-1.0000	true	false
wh3_dlc25_emp_grenade_explosion_master_engineer_upgraded	percussive	shockwave	7.0000	0.0000	11.0000	220.0000		wh_main_generic_spherical_explosion_large	0.0000		wh_grenade		25.0000	false	70.0000	wh_main_unit_explosion_light	200.0000	-1.0000	true	false
wh3_dlc25_emp_grenade_explosion_morr	percussive	shockwave	3.0000	0.0000	13.0000	34.0000		wh3_dlc25_explosion_purple	0.0000		wh_grenade		25.0000	true	15.0000	wh_main_unit_explosion_light	360.0000	-1.0000	true	false
wh3_dlc25_emp_grenade_explosion_morr_upgraded	percussive	shockwave	4.0000	0.0000	13.0000	34.0000		wh3_dlc25_lord_elspeth_breath_explosion	0.0000		wh_grenade		25.0000	true	18.0000	wh_main_unit_explosion_light	360.0000	-1.0000	true	false
wh3_dlc25_emp_mortar_explosion_bjuna	percussive	shockwave	5.0000	1.0000	11.0000	6.0000		wh3_dlc25_explosion_purple	0.0000		wh3_dlc25_ability_bjuna_bombard	wh3_dlc25_army_abilities_bjuna_bombard	0.0000	true	12.0000	wh_main_unit_explosion_medium	260.0000	-1.0000	true	false
wh3_dlc25_emp_steam_tank_exploding	percussive	shockwave	6.0000	0.0000	12.0000	12.0000		wh2_dlc11_machine_queen_bess_impact	0.0000		wh2_dlc_12_queen_bess		0.0000	false	60.0000	wh_main_unit_explosion_heavy	450.0000	-1.0000	true	false
wh3_dlc25_emp_steam_tank_volley_exploding	percussive	shockwave	3.0000	0.0000	13.0000	4.0000		wh_main_weapon_trollhammer_explosion	0.0000		wh_blasting_charge		0.0000	false	20.0000	wh_main_unit_explosion_light	200.0000	1.0000	true	false
wh3_dlc25_grn_mon_rogue_idol_qb_boss_boulder_explosion	percussive	shockwave	10.0000	0.0000	10.0000	110.0000		wh2_dlc15_rogue_boulder_explosion	0.0000		wh2_dlc15_rogue_idol_projectile_explosion		0.0000	true	170.0000	wh_main_unit_explosion_heavy	200.0000	-1.0000	true	false
wh3_dlc25_lord_abilities_cinderblast_cluster_bomb	fuse	shockwave	3.0000	1.0000	10.0000	50.0000	wh3_dlc25_lord_abilities_cinderblast_cluster_bomb_shrapnel	wh3_dlc25_lord_malakai_bomb_explosion_b	10.0000		wh3#_dlc25_cinderblast_cluster_bomb_explosion		1.0000	false	125.0000	wh_main_unit_explosion_light	200.0000	-1.0000	true	false
wh3_dlc25_lord_abilities_cinderblast_cluster_bomb_shrapnel	percussive	shockwave	6.0000	1.0000	13.0000	20.0000		wh3_dlc25_lord_malakai_bomb_explosion_s	0.0000		wh3_dlc25_cinderblast_cluster_bomb_explosion_ground		1.0000	false	50.0000	wh_main_unit_explosion_light	200.0000	-1.0000	true	false
wh3_dlc25_nuln_ironsides_ror_rifle_explosion	percussive	shockwave	1.0000	1.0000	5.0000	0.0000		wh3_dlc25_nuln_ironsides_ror_rifle_explosion	0.0000				0.0000	false	0.0000		100.0000	-1.0000	true	false
wh3_dlc25_nur_esar_doombolt_bullet	fuse	shockwave	1.0000	1.0000	10.0000	46.0000	wh3_dlc25_nur_esar_doombolt_shrapnel		80.0000				0.0000	false	100.0000	wh_main_unit_explosion_light	120.0000	-1.0000	true	false
wh3_dlc25_nur_esar_doombolt_bullet_shrapnel	fuse	shockwave	4.0000	1.0000	10.0000	46.0000		wh3_main_nur_deaths_head_impact	0.0000				0.0000	false	100.0000	wh_main_unit_explosion_light	120.0000	-1.0000	true	false
wh3_dlc25_nur_pandemicium_explosion	percussive	shockwave	4.0000	1.0000	11.0000	40.0000		wh3_dlc25_unspeakable_foulness_impact	0.0000		wh3_dlc25_nur_pandemicium_explosion	wh_main_unit_contact_poison	0.0000	true	20.0000	wh_main_unit_explosion_medium	200.0000	-1.0000	true	false
wh3_dlc25_nur_plague_drones_deaths_head_cluster_explosion_ror	fuse	shockwave	3.0000	0.0000	13.0000	3.0000		wh3_main_nur_deaths_head_impact	0.0000				0.0000	false	7.0000	wh_main_unit_explosion_light	15.0000	1.0000	true	false
wh3_dlc25_nur_plague_drones_deaths_head_explosion_ror	fuse	shockwave	3.0000	0.0000	13.0000	3.0000	wh3_nur_plague_drones_deaths_head_ror_cluster	wh3_main_nur_deaths_head_impact	80.0000				0.0000	false	7.0000	wh_main_unit_explosion_light	15.0000	1.0000	true	false
wh3_dlc25_nur_soulgrinder_bombard_explosion_ror	percussive	shockwave	6.0000	0.0000	12.0000	30.0000		wh3_main_nur_soulgrinder_projectile_impact	0.0000		wh3_DLC25_nur_soul_grinder_bombard_explosion	wh3_dlc25_unit_contact_erosion	0.0000	true	65.0000	wh_main_unit_explosion_medium	180.0000	-1.0000	true	false
wh3_dlc25_unit_abilities_gyrobomber_firebombs	percussive	shockwave	4.0000	0.0000	11.0000	10.0000		wh_main_weapon_gyrobomber_bomb_large	0.0000		wh3_dlc25_unit_abilities_gyrobomber_firebombs_explosion		1.0000	false	25.0000	wh_main_unit_explosion_medium	450.0000	-1.0000	true	false
wh3_dlc25_unit_abilities_gyrocopter_grenade_anti_large	percussive	shockwave	3.0000	0.0000	12.0000	25.0000		wh_main_weapon_gyrocopter_grenade	0.0000		wh_grenade		1.0000	false	25.0000	wh_main_unit_explosion_light	400.0000	-1.0000	true	false
wh3_dlc25_unit_abilities_spear_of_grungni	percussive	shockwave	8.0000	1.0000	14.0000	15.0000		wh3_dlc23_hashut_flames_of_azgorh_dust_impact	0.0000		wh3_dlc25_spear_of_grungni		0.0000	false	75.0000	wh_main_unit_explosion_light	450.0000	-1.0000	true	false
wh3_dlc25_unit_abilities_thunderbarge_bomb	percussive	shockwave	6.0000	0.0000	15.0000	75.0000		wh_main_weapon_gyrobomber_bomb_large	0.0000		wh3_dlc26_bomb_generic_explosion		1.0000	false	35.0000	wh_main_unit_explosion_medium	450.0000	-1.0000	true	false
wh3_dlc25_unit_abilities_thunderbarge_fire_bomb_stage_1	fuse	shockwave	1.0000	0.0000	15.0000	0.0000	wh3_dlc25_unit_abilities_thunderbarge_fire_bomb_shrapnel		0.0000				1.0000	false	0.0000	wh_main_unit_explosion_medium	450.0000	1.0000	true	false
wh3_dlc25_unit_abilities_thunderbarge_fire_bomb_stage_2	percussive	shockwave	5.0000	0.0000	15.0000	30.0000			0.0000		wh3_dlc25_unit_abilities_thunderbarge_firebomb_explosion		1.0000	false	15.0000	wh_main_unit_explosion_medium	450.0000	-1.0000	true	false
wh3_dlc25_unit_abilities_unspeakable_foulness_explosion	percussive	shockwave	5.0000	0.0000	11.0000	36.0000		wh3_dlc25_unspeakable_foulness_impact_round	0.0000	wh3_dlc25_unspeakable_foulness_impact	wh3_dlc25_unit_abilities_unspeakable_foulness_explosion		0.0000	false	15.0000	wh_main_unit_explosion_medium	50.0000	-1.0000	true	false
wh3_dlc25_weapon_abilities_experimental_explosive	percussive	shockwave	15.0000	0.0000	15.0000	40.0000		wh_main_generic_spherical_explosion_large	0.0000				1.0000	false	20.0000	wh_main_unit_explosion_light	200.0000	1.0000	true	false
wh3_dlc26_army_abilities_khornes_wrath	percussive	shockwave	5.0000	1.0000	25.0000	0.0000			0.0000		wh_main_spell_dark_magic_doombolt		1.0000	true	888.0000	wh_main_unit_explosion_light	450.0000	-1.0000	true	false
wh3_dlc26_grn_arachnarok_flinger_explosion	percussive	shockwave	8.0000	0.0000	12.0000	30.0000			0.0000		wh3_dlc26_Arachnarok_Flinger_Explosion	wh3_dlc26_unit_contact_sticky_webs	0.0000	false	65.0000	wh_main_unit_explosion_medium	180.0000	-1.0000	true	false
wh3_dlc26_grn_stinkee_arrer	percussive	shockwave	2.0000	0.0000	15.0000	4.0000		wh_dlc26_projectile_impact_stinkee_arrer	0.0000		wh3_dlc26_grn_stinkee_arrer	wh_main_unit_contact_poison	0.0000	false	2.0000	wh_main_unit_explosion_light	25.0000	-1.0000	true	false
wh3_dlc26_hero_abilities_sting_of_snagla	percussive	shockwave	5.0000	1.0000	9.0000	0.0000		wh2_dlc09_abilities_venom_staff_impact	0.0000		wh2_dlc09_abilities_venom_staff_impact_secondary	wh_main_unit_contact_poison	0.0000	false	150.0000	wh_main_unit_explosion_light	40.0000	-1.0000	true	false
wh3_dlc26_lord_abilities_dead_eye	percussive	shockwave	1.0000	1.0000	20.0000	0.0000		wh2_dlc13_abilities_amber_bow_impact	0.0000		wh3_dlc26_lord_abilities_dead_eye_Pistol_Explosion		0.0000	false	0.0000	wh_main_unit_explosion_light	200.0000	-1.0000	true	false
wh3_dlc26_ogr_thundertusk_ice_shard	percussive	shockwave	10.0000	1.0000	30.0000	10.0000		wh3_dlc26_thundertusk_impact	0.0000		wh_generic_large	wh_dlc08_unit_contact_frostbite	0.0000	true	55.0000	wh_main_unit_explosion_medium	400.0000	-1.0000	true	false
wh3_main_abilities_bellow_of_endless_fury_explosion	percussive	shockwave	4.0000	0.0000	11.0000	36.0000		wh3_main_abilities_bellow_of_endless_fury_impact_spherical	0.0000		none		0.0000	false	20.0000	wh_main_unit_explosion_medium	120.0000	-1.0000	true	false
wh3_main_abilities_bellow_of_fury_explosion	percussive	shockwave	4.0000	0.0000	11.0000	36.0000		wh3_main_abilities_bellow_of_fury_impact_spherical	0.0000		none		0.0000	false	20.0000	wh_main_unit_explosion_medium	120.0000	-1.0000	true	false
wh3_main_army_abilities_bolt_of_change	percussive	shockwave	7.0000	1.0000	11.0000	0.0000		wh3_main_army_abilities_bolt_of_change_impact	0.0000				0.0000	true	132.0000	wh_main_unit_explosion_light	450.0000	-1.0000	true	true
wh3_main_army_abilities_celestial_intervention	percussive	shockwave	20.0000	1.0000	20.0000	0.0000		wh3_main_celestial_intervention_impact	0.0000	wh3_main_celestial_intervention_impact	wh3_main_army_abilities_celestial_intervention		0.0000	true	144.0000	wh_main_unit_explosion_heavy	500.0000	-1.0000	true	true
wh3_main_army_abilities_stoneshaker_explosion	percussive	shockwave	1.0000	0.0000	10.0000	0.0000		wh3_main_abilities_stone_shaker	0.0000		wh3_main_army_ability_ogr_stoneshaker		1.0000	true	100.0000	wh2_vauls_hammer	400.0000	-1.0000	true	true
wh3_main_army_abilities_storm_of_fire	percussive	shockwave	3.0000	1.0000	12.0000	0.0000		wh3_main_army_abilities_storm_of_fire_impact	0.0000				1.0000	true	90.0000	wh_main_unit_explosion_light	400.0000	-1.0000	true	true
wh3_main_brt_tower_explosion_blessed_stone	percussive	shockwave	5.0000	0.0000	7.0000	65.0000		wh_main_impact_medium_rock	0.0000		wh_large_rock		0.0000	false	35.0000	wh_main_unit_explosion_light	100.0000	-1.0000	false	false
wh3_main_brt_tower_explosion_carcass	percussive	shockwave	5.0000	0.0000	7.0000	70.0000		wh_main_generic_spherical_explosion_small	0.0000		wh_brt_tower_carcass		0.0000	false	50.0000	wh_main_unit_explosion_light	100.0000	-1.0000	false	false
wh3_main_bst_tower_explosion_boulder	percussive	shockwave	5.0000	0.0000	7.0000	65.0000		wh_dlc03_cygor_boulder_explosion	0.0000		wh_large_rock		0.0000	false	35.0000	wh_main_unit_explosion_heavy	100.0000	-1.0000	false	false
wh3_main_bst_tower_explosion_boulder_improved	percussive	shockwave	5.0000	0.0000	7.0000	70.0000		wh_dlc03_cygor_boulder_explosion	0.0000		wh_large_rock		0.0000	false	50.0000	wh_main_unit_explosion_heavy	100.0000	-1.0000	false	false
wh3_main_cataclysm_fire_magma_storm	percussive	shockwave	5.0000	1.0000	12.0000	0.0000		wh3_dlc23_hashut_flames_of_azgorh_projectile_impact	0.0000		wh2_dlc23_flames_of_azgorh_explosion		1.0000	true	120.0000	wh_main_unit_explosion_light	400.0000	-1.0000	true	false
wh3_main_catacomb_cannonballl_explosion	percussive	shockwave	4.0000	1.0000	10.0000	0.0000		wh2_dlc14_poisoned_wind_mortar_ror_shrapnel_impact	0.0000				1.0000	true	100.0000	wh_main_unit_explosion_light	150.0000	-1.0000	true	false
wh3_main_character_abilities_fire_breath_explosion	percussive	shockwave	3.0000	0.0000	11.0000	31.0000			0.0000		wh3_main_ability_ogr_fire_breath		1.0000	false	15.0000	wh_main_unit_explosion_light	90.0000	-1.0000	true	false
wh3_main_character_abilities_ice_shard	percussive	shockwave	3.0000	1.0000	12.0000	0.0000		wh3_main_ability_ice_shard_impact	0.0000		wh_generic_small		0.0000	true	30.0000	wh_main_unit_explosion_light	400.0000	-1.0000	true	true
wh3_main_chs_tower_explosion_hellcannon	percussive	shockwave	5.0000	0.0000	7.0000	65.0000		wh_main_weapon_hellcannon_explosion	0.0000		wh_hellcannon_ror	wh_main_unit_contact_overhead_morale	0.0000	true	35.0000	wh_main_unit_explosion_medium	100.0000	-1.0000	false	false
wh3_main_chs_tower_explosion_hellcannon_improved	percussive	shockwave	5.0000	0.0000	7.0000	70.0000		wh_main_weapon_hellcannon_explosion	0.0000		wh_hellcannon_ror	wh_main_unit_contact_overhead_morale	0.0000	true	50.0000	wh_main_unit_explosion_medium	100.0000	-1.0000	false	false
wh3_main_cth_rocket_explosion	percussive	shockwave	6.0000	0.0000	11.0000	49.0000		wh_main_generic_spherical_explosion_large	0.0000		wh3_main_fire_rain_rocket_battery		1.0000	false	21.0000	wh_main_unit_explosion_medium	200.0000	-1.0000	true	false
wh3_main_cth_tower_explosion_cannon_ball	percussive	shockwave	5.0000	0.0000	7.0000	65.0000		wh_main_generic_spherical_explosion_small	0.0000				0.0000	false	35.0000	wh_main_unit_explosion_medium	100.0000	-1.0000	false	false
wh3_main_cth_tower_explosion_rocket	percussive	shockwave	5.0000	0.0000	7.0000	65.0000		wh_main_generic_spherical_explosion_large	0.0000		wh_rocket		0.0000	false	35.0000	wh_main_unit_explosion_medium	100.0000	-1.0000	false	false
wh3_main_cth_tower_explosion_rocket_improved	percussive	shockwave	5.0000	0.0000	7.0000	70.0000		wh_main_generic_spherical_explosion_large	0.0000		wh_rocket		0.0000	false	50.0000	wh_main_unit_explosion_medium	100.0000	-1.0000	false	false
wh3_main_def_tower_explosion_fireball	percussive	shockwave	5.0000	0.0000	7.0000	65.0000		wh_main_generic_spherical_explosion_large	0.0000		wh3_def_tower_fireball_explosion		1.0000	true	35.0000	wh_main_unit_explosion_light	100.0000	-1.0000	false	false
wh3_main_def_tower_explosion_fireball_improved	percussive	shockwave	5.0000	0.0000	7.0000	70.0000		wh_main_generic_spherical_explosion_large	0.0000		wh3_def_tower_fireball_explosion		1.0000	true	50.0000	wh_main_unit_explosion_light	100.0000	-1.0000	false	false
wh3_main_dwf_tower_explosion_cannon_ball	percussive	shockwave	5.0000	0.0000	7.0000	65.0000		wh_main_generic_spherical_explosion_small	0.0000				0.0000	false	35.0000	wh_main_unit_explosion_medium	100.0000	-1.0000	false	false
wh3_main_dwf_tower_explosion_fused_beer_keg	percussive	shockwave	5.0000	0.0000	7.0000	70.0000		wh_main_generic_spherical_explosion_large	0.0000		wh3_def_tower_fireball_explosion		0.0000	false	50.0000	wh_main_unit_explosion_medium	100.0000	-1.0000	false	false
wh3_main_emp_tower_explosion_cannon_ball	percussive	shockwave	5.0000	0.0000	7.0000	65.0000		wh_main_generic_spherical_explosion_small	0.0000				0.0000	false	35.0000	wh_main_unit_explosion_medium	100.0000	-1.0000	false	false
wh3_main_emp_tower_explosion_clockwork_bomb	percussive	shockwave	5.0000	0.0000	7.0000	70.0000		wh_main_generic_spherical_explosion_medium	0.0000		wh_emp_tower_clockwork_bomb_explosion		0.0000	false	50.0000	wh_main_unit_explosion_medium	100.0000	-1.0000	false	false
wh3_main_grn_tower_explosion_giant_dungball	percussive	shockwave	5.0000	0.0000	7.0000	65.0000		wh_main_grn_giant_dungball_explosion	0.0000				0.0000	false	35.0000	wh_main_unit_explosion_medium	100.0000	-1.0000	false	false
wh3_main_grn_tower_explosion_rock_idol	percussive	shockwave	5.0000	0.0000	7.0000	70.0000		wh_main_tower_grn_rock_idol	0.0000		wh_grn_tower_rock_idol_explosion		0.0000	false	50.0000	wh_main_unit_explosion_medium	100.0000	-1.0000	false	false
wh3_main_hef_tower_explosion_quench	percussive	shockwave	5.0000	0.0000	7.0000	65.0000		wh2_main_high_soul_quench_explosion	0.0000		wh2_tower_hef_explosion		0.0000	true	35.0000	wh_main_unit_explosion_light	100.0000	-1.0000	false	false
wh3_main_hef_tower_explosion_quench_improved	percussive	shockwave	5.0000	0.0000	7.0000	70.0000		wh2_main_high_soul_quench_explosion	0.0000		wh2_tower_hef_explosion		0.0000	true	50.0000	wh_main_unit_explosion_light	100.0000	-1.0000	false	false
wh3_main_kho_skullcannon_skull_explosion	percussive	shockwave	3.0000	1.0000	11.0000	6.0000			0.0000		wh3_main_kho_skullcannon_projectile		1.0000	false	14.0000	wh_main_unit_explosion_light	450.0000	-1.0000	true	false
wh3_main_kho_tower_explosion_skullcannon_skull	percussive	shockwave	5.0000	0.0000	7.0000	65.0000			0.0000		wh3_main_kho_skullcannon_projectile		1.0000	false	35.0000	wh_main_unit_explosion_light	100.0000	-1.0000	false	false
wh3_main_kho_tower_explosion_skullcannon_skull_improved	percussive	shockwave	5.0000	0.0000	7.0000	70.0000		wh_main_generic_spherical_explosion_small	0.0000		wh3_main_kho_skullcannon_projectile		1.0000	false	50.0000	wh_main_unit_explosion_light	100.0000	-1.0000	false	false
wh3_main_ksl_little_grom_cannon_ball_explosive	percussive	shockwave	7.0000	0.0000	12.0000	45.0000		wh2_dlc11_machine_queen_bess_impact	0.0000		wh_hell_cannon		0.0000	true	65.0000	wh_main_unit_explosion_medium	350.0000	-1.0000	true	false
wh3_main_ksl_tower_explosion_ice_shards	percussive	shockwave	5.0000	0.0000	7.0000	70.0000		wh_main_generic_spherical_explosion_small	0.0000		wh3_ksl_tower_frost_explosion		0.0000	true	50.0000	wh_main_unit_explosion_medium	100.0000	-1.0000	false	false
wh3_main_ksl_tower_explosion_lightning	percussive	shockwave	5.0000	0.0000	7.0000	65.0000		wh3_main_weapon_tower_ksl_lightning_impact	0.0000		wh3_ksl_tower_lightning_explosion		0.0000	true	35.0000	wh_main_unit_explosion_medium	100.0000	-1.0000	false	false
wh3_main_lzd_tower_explosion_shems	percussive	shockwave	5.0000	0.0000	7.0000	65.0000		wh_main_light_shems_burning_gaze_explosion	0.0000		wh2_lzd_tower_magic_missile_explosion		1.0000	true	35.0000	wh_main_unit_explosion_light	100.0000	-1.0000	false	false
wh3_main_lzd_tower_explosion_solar	percussive	shockwave	5.0000	0.0000	7.0000	70.0000		wh2_main_weapon_solar_engine_explosion	0.0000		wh2_lzd_tower_solar_engine_explosion		1.0000	true	50.0000	wh_main_unit_explosion_medium	100.0000	-1.0000	false	false
wh3_main_nor_tower_explosion_heavy_javelin	percussive	shockwave	5.0000	0.0000	7.0000	65.0000			0.0000				0.0000	false	35.0000	wh_main_unit_explosion_medium	100.0000	-1.0000	false	false
wh3_main_nor_tower_explosion_heavy_javelin_improved	percussive	shockwave	5.0000	0.0000	7.0000	70.0000		wh_main_generic_spherical_explosion_small	0.0000				0.0000	false	50.0000	wh_main_unit_explosion_medium	100.0000	-1.0000	false	false
wh3_main_nur_kugath_infested_nurgling_explosion	percussive	shockwave	7.0000	0.0000	11.0000	45.0000		wh3_main_entity_kugath_nurgling_projectile_impact	0.0000		wh3_kugath_explosion	wh_main_unit_contact_poison	0.0000	true	60.0000	wh_main_unit_explosion_medium	180.0000	-1.0000	true	false
wh3_main_nur_plaguebearers_deaths_head_explosion	percussive	shockwave	3.0000	0.0000	13.0000	3.0000			0.0000				0.0000	false	7.0000	wh_main_unit_explosion_light	15.0000	1.0000	true	false
wh3_main_nur_soulgrinder_bombard_explosion	percussive	shockwave	6.0000	0.0000	12.0000	30.0000		wh3_main_nur_soulgrinder_projectile_impact	0.0000		wh3_main_nur_soul_grinder_explosion	wh_main_unit_contact_poison	0.0000	true	60.0000	wh_main_unit_explosion_medium	180.0000	-1.0000	true	false
wh3_main_nur_tower_explosion_deaths_head	percussive	shockwave	5.0000	0.0000	7.0000	65.0000		wh_main_generic_spherical_explosion_small	0.0000				0.0000	true	35.0000	wh_main_unit_explosion_medium	100.0000	-1.0000	false	false
wh3_main_nur_tower_explosion_infested_nurgling	percussive	shockwave	5.0000	0.0000	7.0000	20.0000		wh3_main_entity_kugath_nurgling_projectile_impact	0.0000		wh2_plagueclaw_catapult	wh_main_unit_contact_poison	0.0000	true	40.0000	wh_main_unit_explosion_medium	180.0000	-1.0000	false	false
wh3_main_nur_tower_explosion_soulgrinder_bombard	percussive	shockwave	5.0000	0.0000	7.0000	70.0000		wh3_main_nur_soulgrinder_projectile_impact	0.0000		wh2_plagueclaw_catapult	wh_main_unit_contact_poison	0.0000	true	50.0000	wh_main_unit_explosion_medium	100.0000	-1.0000	false	false
wh3_main_ogr_gnoblar_scraplauncher_explosion	percussive	shockwave	6.0000	0.0000	12.0000	70.0000			0.0000		wh_large_rock		0.0000	false	20.0000	wh_main_unit_explosion_medium	150.0000	-1.0000	true	false
wh3_main_ogr_tower_explosion_ironblaster	percussive	shockwave	5.0000	0.0000	7.0000	70.0000		wh_main_generic_spherical_explosion_small	0.0000		wh_large_rock		0.0000	false	50.0000	wh_main_unit_explosion_medium	100.0000	-1.0000	false	false
wh3_main_ogr_tower_explosion_scrap_launcher	percussive	shockwave	5.0000	0.0000	7.0000	65.0000			0.0000		wh_large_rock		0.0000	false	35.0000	wh_main_unit_explosion_medium	100.0000	-1.0000	false	false
wh3_main_skv_tower_explosion_doomrocket	percussive	shockwave	5.0000	0.0000	7.0000	70.0000		wh2_main_abilities_doomrocket_shrapnel_impact	0.0000				1.0000	true	50.0000	wh_main_unit_explosion_light	100.0000	-1.0000	false	false
wh3_main_skv_tower_explosion_warp_lightning	percussive	shockwave	5.0000	0.0000	7.0000	65.0000		wh2_main_ruin_warp_lightning_impact	0.0000		wh2_skv_tower_warp_lightning		0.0000	true	35.0000	wh_main_unit_explosion_medium	100.0000	-1.0000	false	false
wh3_main_sla_tower_explosion_slicing_shards_1	percussive	shockwave	3.0000	1.0000	7.0000	0.0000		wh3_main_slaanesh_slicing_shards_impact	0.0000		wh_generic_small		0.0000	true	10.0000	wh_main_unit_explosion_light	400.0000	-1.0000	false	false
wh3_main_sla_tower_explosion_slicing_shards_2	percussive	shockwave	3.0000	1.0000	7.0000	0.0000		wh3_main_slaanesh_slicing_shards_impact	0.0000		wh_generic_small		0.0000	true	15.0000	wh_main_unit_explosion_light	400.0000	-1.0000	false	false
wh3_main_sla_tower_explosion_slicing_shards_3	percussive	shockwave	5.0000	0.0000	7.0000	65.0000		wh3_main_slaanesh_slicing_shards_impact	0.0000		wh_generic_small		0.0000	true	35.0000	wh_main_unit_explosion_light	100.0000	-1.0000	false	false
wh3_main_sla_tower_explosion_slicing_shards_4	percussive	shockwave	5.0000	0.0000	7.0000	70.0000		wh3_main_slaanesh_slicing_shards_impact	0.0000		wh_generic_small		0.0000	true	50.0000	wh_main_unit_explosion_light	100.0000	-1.0000	false	false
wh3_main_spell_slaanesh_slicing_shards	percussive	shockwave	3.0000	1.0000	12.0000	0.0000		wh3_main_slaanesh_slicing_shards_impact	0.0000		wh3_slicing_shards_explosion		0.0000	true	60.0000	wh_main_unit_explosion_light	400.0000	-1.0000	true	true
wh3_main_spell_slaanesh_slicing_shards_upgraded	percussive	shockwave	3.0000	1.0000	12.0000	0.0000		wh3_main_slaanesh_slicing_shards_impact	0.0000		wh3_slicing_shards_explosion		0.0000	true	90.0000	wh_main_unit_explosion_light	400.0000	-1.0000	true	true
wh3_main_spell_tempest_hailstorm	percussive	shockwave	3.0000	1.0000	12.0000	0.0000		wh3_main_tempest_hailstorm_explosion	0.0000				0.0000	true	30.0000	wh_main_unit_explosion_light	400.0000	-1.0000	true	true
wh3_main_spell_tzeentch_blue_fire_of_tzeentch	percussive	shockwave	1.0000	1.0000	5.0000	30.0000		wh3_main_tzeentch_blue_flame_explosion	0.0000		wh_generic_small		1.0000	true	10.0000	wh_main_unit_explosion_light	40.0000	-1.0000	true	true
wh3_main_spell_tzeentch_blue_fire_of_tzeentch_upgraded	percussive	shockwave	1.0000	1.0000	5.0000	30.0000		wh3_main_tzeentch_blue_flame_explosion	0.0000		wh_generic_small		1.0000	true	20.0000	wh_main_unit_explosion_light	50.0000	-1.0000	true	true
wh3_main_tmb_tower_explosion_screaming_skull	percussive	shockwave	5.0000	0.0000	7.0000	65.0000			0.0000		wh2_screamingskull_catapult	wh_main_unit_contact_overhead_morale	0.0000	true	35.0000	wh_main_unit_explosion_light	100.0000	-1.0000	false	false
wh3_main_tmb_tower_explosion_screaming_skull_improved	percussive	shockwave	5.0000	0.0000	7.0000	70.0000		wh_main_generic_spherical_explosion_small	0.0000		wh2_screamingskull_catapult	wh_main_unit_contact_overhead_morale	0.0000	true	50.0000	wh_main_unit_explosion_light	100.0000	-1.0000	false	false
wh3_main_tze_exalted_flamer_flame_explosion	percussive	shockwave	5.0000	0.0000	14.0000	3.0000		wh3_main_exalted_flamer_breath_explosion	0.0000			wh3_main_unit_contact_warpflame	1.0000	true	7.0000	wh_main_unit_explosion_light	40.0000	-1.0000	true	false
wh3_main_tze_flamer_flame_explosion	percussive	shockwave	3.0000	0.0000	14.0000	3.0000		wh3_main_flamer_breath_explosion	0.0000				1.0000	true	6.0000	wh_main_unit_explosion_light	40.0000	-1.0000	true	false
wh3_main_tze_tower_explosion_iridescent_bolt	percussive	shockwave	5.0000	0.0000	7.0000	70.0000		wh_main_generic_spherical_explosion_small	0.0000				1.0000	true	50.0000	wh_main_unit_explosion_medium	100.0000	-1.0000	false	false
wh3_main_tze_tower_explosion_pink_bolt	percussive	shockwave	5.0000	0.0000	7.0000	65.0000		wh_main_generic_spherical_explosion_small	0.0000				1.0000	true	35.0000	wh_main_unit_explosion_medium	100.0000	-1.0000	false	false
wh3_main_unit_abilities_elemental_breath_explosion	percussive	shockwave	3.0000	0.0000	11.0000	36.0000		wh3_main_entity_bear_ice_breath_impact	0.0000		wh2_dlc10_dragon_breath_ice_multi	wh_dlc08_unit_contact_frostbite	0.0000	false	20.0000	wh_main_unit_explosion_light	5.0000	-1.0000	true	false
wh3_main_unit_abilities_sky_junk_bomb	percussive	shockwave	6.0000	0.0000	11.0000	70.0000		wh3_main_abilities_skyjunk_bomb_explosion	0.0000		wh3_main_unit_abilities_sky_junk_bomb		1.0000	false	140.0000	wh_main_unit_explosion_medium	450.0000	-1.0000	true	false
wh3_main_vmp_tower_explosion_caged_bats	percussive	shockwave	5.0000	0.0000	7.0000	65.0000		wh_main_vmp_caged_bats_explosion	0.0000		wh2_vmp_tower_caged_bats_explosion		0.0000	false	35.0000	wh_main_unit_explosion_medium	100.0000	-1.0000	false	false
wh3_main_vmp_tower_explosion_corpse_ball	percussive	shockwave	5.0000	0.0000	7.0000	70.0000		wh_main_vmp_dark_magic_medium	0.0000		wh2_vmp_tower_corpse_ball_explosion		0.0000	false	50.0000	wh_main_unit_explosion_light	100.0000	-1.0000	false	false
wh3_main_weapon_abilities_siegebreaker_explosion	percussive	shockwave	1.0000	0.0000	10.0000	0.0000		wh3_main_abilities_siegebreaker	0.0000		wh3_main_ability_ogre_siegebreaker		1.0000	true	100.0000	wh2_vauls_hammer	400.0000	-1.0000	true	true
wh3_main_weapon_abilities_thundermace	percussive	shockwave	6.0000	0.0000	11.0000	0.0000		wh_main_abilities_lord_of_the_storm_explosion	0.0000		wh_lord_of_the_storm		0.0000	true	24.0000	wh_main_unit_explosion_light	340.0000	-1.0000	true	true
wh3_main_wef_tower_explosion_arrow_arrow_swiftshiver	percussive	shockwave	5.0000	0.0000	7.0000	70.0000		wh_main_generic_spherical_explosion_small	0.0000				0.0000	true	50.0000	wh_main_unit_explosion_medium	100.0000	-1.0000	false	false
wh3_main_wef_tower_explosion_arrow_starfire	percussive	shockwave	5.0000	0.0000	7.0000	65.0000		wh_main_generic_spherical_explosion_small	0.0000				0.0000	true	35.0000	wh_main_unit_explosion_medium	100.0000	-1.0000	false	false
wh3_pro10_army_abilities_oblivion_bolt	percussive	shockwave	40.0000	1.0000	40.0000	0.0000		wh2_dlc12_warpstorm_doomrocket_explosion	0.0000		wh2_dlc12_ability_warpstorm_doomrocket	wh3_main_unit_contact_warpflame	0.0000	true	216.0000	wh_main_unit_explosion_heavy	700.0000	-1.0000	true	false
wh3_twa07_spell_bound_call_of_tor	percussive	shockwave	4.0000	1.0000	10.0000	45.0000			0.0000			wh_dlc06_unit_contact_blinded	0.0000	true	0.0000		600.0000	-1.0000	false	true
wh3_twa07_unit_abilities_searing_torrent	percussive	shockwave	4.0000	0.0000	11.0000	35.0000		wh3_main_tzeentch_blue_flame_explosion	0.0000		wh_fireball	wh3_main_unit_contact_warpflame	10.0000	true	9.0000	wh_main_unit_explosion_medium	450.0000	-1.0000	true	false
wh_dlc03_bst_cygor_boulder_explosion	percussive	shockwave	7.0000	0.0000	10.0000	60.0000		wh_dlc03_cygor_boulder_explosion	0.0000		wh_large_rock		0.0000	false	100.0000	wh_main_unit_explosion_heavy	200.0000	-1.0000	true	false
wh_dlc03_bst_cygor_boulder_explosion_boss	percussive	shockwave	12.0000	0.0000	10.0000	25.0000	wh_dlc03_bst_cygor_boulder_boss_split	wh_dlc03_cygor_boulder_explosion	0.0000		wh_large_rock		0.0000	false	25.0000	wh_main_unit_explosion_heavy	200.0000	0.0000	true	false
wh_dlc03_bst_cygor_boulder_explosion_boss_minor	percussive	shockwave	6.0000	0.0000	10.0000	40.0000	wh_dlc03_bst_cygor_boulder_boss_split_split	wh_dlc03_cygor_boulder_explosion	0.0000		none		0.0000	false	20.0000	wh_main_unit_explosion_heavy	200.0000	0.0000	true	false
wh_dlc03_bst_cygor_boulder_explosion_boss_minor_minor	percussive	shockwave	3.0000	0.0000	10.0000	55.0000		wh_dlc03_cygor_boulder_explosion	0.0000		none		0.0000	false	20.0000	wh_main_unit_explosion_heavy	200.0000	0.0000	true	false
wh_dlc03_grn_squig_explosion	percussive	shockwave	20.0000	2.0000	140.0000	100.0000		wh_dlc06_kamakaze_squig_explosion	0.0000		wh2_dlc15_squig_explosion		0.0000	true	200.0000	wh_main_unit_explosion_light	200.0000	-1.0000	true	false
wh_dlc03_spell_beast_the_amber_spear	percussive	shockwave	2.0000	1.0000	10.0000	0.0000		wh_dlc03_amber_spear_explosion	0.0000				0.0000	true	108.0000	wh_main_unit_explosion_medium	125.0000	-1.0000	true	true
wh_dlc03_spell_beast_the_amber_spear_upgraded	percussive	shockwave	4.0000	1.0000	10.0000	0.0000		wh_dlc03_amber_spear_explosion	0.0000				0.0000	true	216.0000	wh_main_unit_explosion_medium	150.0000	-1.0000	true	true
wh_dlc03_spell_beasts_miscast	percussive	shockwave	3.0000	1.0000	12.0000	288.0000		wh_main_generic_miscast	0.0000		wh2_magic_miscast_generic		0.0000	true	300.0000	wh_main_unit_explosion_light	150.0000	-1.0000	true	false
wh_dlc03_spell_wild_miscast	percussive	shockwave	3.0000	1.0000	12.0000	288.0000		wh_main_generic_miscast	0.0000		wh2_magic_miscast_generic		0.0000	true	300.0000	wh_main_unit_explosion_light	150.0000	-1.0000	true	false
wh_dlc04_emp_sunmaker_rocket_fuse	fuse	shockwave	5.0000	1.0000	12.0000	35.0000	sunmaker_shrapnel	wh_main_generic_spherical_explosion_small	70.0000		wh_rocket		1.0000	false	55.0000	wh_main_unit_explosion_medium	200.0000	-1.0000	true	false
wh_dlc05_item_abilities_hail_of_doom_arrow	percussive	shockwave	6.0000	0.0000	13.0000	0.0000		wh_dlc05_abilities_hail_of_doom_explosion	0.0000		wh_main_spell_fire_fireball		0.0000	true	45.0000	wh_main_unit_explosion_medium	70.0000	-1.0000	true	true
wh_dlc05_spell_life_miscast	percussive	shockwave	3.0000	1.0000	12.0000	288.0000		wh_main_generic_miscast	0.0000		wh2_magic_miscast_generic		0.0000	true	300.0000	wh_main_unit_explosion_light	150.0000	-1.0000	true	false
wh_dlc05_spell_shadow_penumbral_pendulum	percussive	shockwave	12.0000	2.0000	40.0000	90.0000			0.0000		wh_comet_of_cas		0.0000	true	128.0000	wh_main_unit_explosion_heavy	100.0000	-1.0000	true	true
wh_dlc05_spell_shadow_penumbral_pendulum_upgrade	percussive	shockwave	12.0000	2.0000	40.0000	90.0000			0.0000		wh_comet_of_cas		0.0000	true	256.0000	wh_main_unit_explosion_heavy	100.0000	-1.0000	true	true
wh_dlc05_weapon_abilities_bow_of_loren	percussive	shockwave	5.0000	0.0000	11.0000	0.0000		wh_dlc05_wef_magic_explosion	0.0000		wh_main_spell_fire_fireball		0.0000	true	30.0000	wh_main_unit_explosion_medium	450.0000	-1.0000	true	true
wh_dlc05_weapon_abilities_hawks_talon	percussive	shockwave	3.0000	1.0000	12.0000	0.0000		wh_dlc05_abilities_hail_of_doom_explosion	0.0000		wh_main_spell_fire_fireball		0.0000	true	60.0000	wh_main_unit_explosion_medium	450.0000	-1.0000	true	true
wh_dlc05_weapon_abilities_lamentation_of_despair	percussive	shockwave	5.0000	0.0000	13.0000	0.0000		wh_dlc05_ability_lamentation_of_despair_explosion	0.0000		wh_main_spell_fire_fireball		0.0000	true	57.0000	wh_main_unit_explosion_medium	70.0000	-1.0000	true	true
wh_dlc05_wef_arrow_of_kurnous	percussive	shockwave	4.0000	1.0000	10.0000	0.0000		wh_dlc05_ability_arrow_of_kurnous_explosion	0.0000		wh_generic_small		0.0000	true	150.0000	wh_main_unit_explosion_light	150.0000	-1.0000	true	true
wh_dlc06_dwf_inf_drakegun_skolder_explosion	percussive	shockwave	3.0000	0.0000	14.0000	12.0000		wh_main_steam_explosion_medium	0.0000		wh_copter_steamgun		0.0000	false	28.0000	wh_main_unit_explosion_light	40.0000	-1.0000	true	false
wh_dlc06_weapon_abilities_skarsniks_prodder	percussive	shockwave	8.0000	1.0000	13.0000	0.0000	skarsnik_prodder_mini	wh_dlc06_skarsnik_explosion	0.0000		wh_generic_small		0.0000	true	68.0000	wh_main_unit_explosion_light	40.0000	-1.0000	true	true
wh_dlc06_weapon_abilities_skarsniks_prodder_mini	percussive	shockwave	5.0000	1.0000	13.0000	24.0000		wh_dlc06_skarsnik_explosion_mini	0.0000		wh_blasting_charge		0.0000	true	40.0000	wh_main_unit_explosion_light	70.0000	-1.0000	true	true
wh_dlc07_brt_blessed_stone_explosion	percussive	shockwave	6.0000	0.0000	10.0000	60.0000		wh_dlc07_blessed_stone_impact	0.0000		wh_large_rock		0.0000	true	16.0000	wh_main_unit_explosion_light	100.0000	-1.0000	false	false
wh_dlc07_item_abilities_chalice_of_potions	percussive	shockwave	18.0000	1.0000	18.0000	0.0000			0.0000		wh_dlc07_ability_chalice_of_potions		0.0000	true	72.0000	wh_main_unit_explosion_heavy	500.0000	-1.0000	true	false
wh_dlc08_abilities_lightening_down	percussive	shockwave	6.0000	0.0000	8.0000	0.0000		wh_dlc08_abilities_lightening_down_explosion	0.0000		wh_dlc08_lightening_down		0.0000	true	20.0000	wh_main_unit_explosion_medium	75.0000	0.0000	true	true
wh_dlc08_abilities_nor_copious_vomit	percussive	shockwave	5.0000	0.0000	11.0000	0.0000			0.0000		none		0.0000	false	27.0000	wh_main_unit_explosion_light	120.0000	-1.0000	true	false
wh_dlc08_grn_giant_terror	percussive	shockwave	30.0000	2.0000	140.0000	50.0000		wh_dlc08_ability_exploding_fart	0.0000		wh_explosive_fart		0.0000	false	60.0000	wh_main_unit_explosion_medium	200.0000	0.0000	true	false
wh_dlc08_nor_hellcannon_ice	percussive	shockwave	7.0000	0.0000	12.0000	30.0000		wh_dlc08_weapon_hellcannon_ice_explosion	0.0000		wh_hellcannon_nor	wh_main_unit_contact_overhead_morale	0.0000	true	90.0000	wh_main_unit_explosion_medium	350.0000	0.0000	true	false
wh_dlc08_weapon_passive_stinky_giant_club	percussive	shockwave	20.0000	2.0000	140.0000	5.0000		wh_dlc08_ability_exploding_fart	0.0000		wh_explosive_fart		0.0000	true	1.0000	wh_main_unit_explosion_light	200.0000	0.0000	true	true
wh_dlc09_weapon_abilities_venom_staff_explosion	percussive	shockwave	7.0000	1.0000	12.0000	0.0000	wh_dlc09_weapon_abilities_venom_staff_explosion	wh2_dlc09_abilities_venom_staff_explosion	0.0000			wh_main_unit_contact_poison	0.0000	true	61.0000	wh_main_unit_explosion_light	70.0000	-1.0000	true	true
wh_dlc09_weapon_abilities_venom_staff_explosion_mini	percussive	shockwave	5.0000	1.0000	9.0000	0.0000		wh2_dlc09_abilities_venom_staff_impact	0.0000		wh2_dlc09_abilities_venom_staff_impact_secondary	wh_main_unit_contact_poison	0.0000	true	36.0000	wh_main_unit_explosion_light	40.0000	-1.0000	true	true
wh_main_big_waaagh_miscast	percussive	shockwave	3.0000	1.0000	12.0000	288.0000		wh_main_generic_miscast	0.0000		wh2_magic_miscast_generic		0.0000	true	300.0000	wh_main_unit_explosion_light	150.0000	-1.0000	true	false
wh_main_bound_spell_solheims_bolt_of_illumination	percussive	shockwave	6.0000	1.0000	10.0000	270.0000		wh_main_bolt_of_illumination_explosion	0.0000		wh2_dlc13_luminark		1.0000	true	630.0000	wh_main_unit_explosion_light	150.0000	-1.0000	true	false
wh_main_brt_trebuchet_stone_explosion	percussive	shockwave	4.0000	0.0000	12.0000	50.0000			0.0000		wh_large_rock		0.0000	false	70.0000	wh_main_unit_explosion_medium	220.0000	-1.0000	true	false
wh_main_chs_hellcannon	percussive	shockwave	7.0000	0.0000	12.0000	30.0000		wh_main_weapon_hellcannon_explosion	0.0000		wh_hell_cannon	wh_main_unit_contact_overhead_morale	0.0000	true	90.0000	wh_main_unit_explosion_medium	350.0000	-1.0000	true	false
wh_main_death_miscast	percussive	shockwave	3.0000	1.0000	12.0000	288.0000		wh_main_generic_miscast	0.0000		wh2_magic_miscast_generic		0.0000	true	300.0000	wh_main_unit_explosion_light	150.0000	-1.0000	true	false
wh_main_dwf_blasting_charge_explosion	percussive	shockwave	3.0000	0.0000	13.0000	18.0000		wh_main_generic_explosion_mine	0.0000		wh_blasting_charge		25.0000	false	4.0000	wh_main_unit_explosion_light	200.0000	1.0000	true	false
wh_main_dwf_cinderblast_explosion	percussive	shockwave	3.0000	0.0000	13.0000	27.0000		wh_main_generic_explosion_mine	0.0000		wh_blasting_charge		0.0000	false	11.0000	wh_main_unit_explosion_light	200.0000	-1.0000	true	false
wh_main_dwf_clattergun	percussive	shockwave	3.0000	0.0000	10.0000	14.0000		wh_main_weapon_trollhammer_explosion	0.0000		wh_blasting_charge		0.0000	false	4.0000		80.0000	-1.0000	true	false
wh_main_dwf_drakegun_explosion	percussive	shockwave	3.0000	0.0000	14.0000	15.0000		wh3_dlc25_irondrakes_flamethrower_v2_impact	0.0000				1.0000	false	6.0000	wh_main_unit_explosion_light	40.0000	-1.0000	true	false
wh_main_dwf_flamecannon_explosion	percussive	shockwave	5.0000	0.0000	12.0000	12.0000			0.0000		wh3_dlc25_flame_cannon_shrapnel	wh_main_unit_contact_morale	1.0000	false	5.0000	wh_main_unit_explosion_medium	180.0000	-1.0000	true	false
wh_main_dwf_grudge_thrower_explosion	percussive	shockwave	4.0000	0.0000	12.0000	50.0000			0.0000		wh_large_rock		0.0000	false	70.0000	wh_main_unit_explosion_medium	180.0000	-1.0000	true	false
wh_main_dwf_gyrocopter_steamgun_explosion	percussive	shockwave	3.0000	0.0000	8.0000	2.0000		wh3_dlc25_gyrocopter_steam_impact	0.0000		wh_copter_steamgun		0.0000	false	4.0000	wh_main_unit_explosion_light	10.0000	-1.0000	true	false
wh_main_dwf_trollhammer	percussive	shockwave	1.0000	0.0000	10.0000	4.0000		wh_main_weapon_trollhammer_explosion	0.0000		wh_grenade		0.0000	false	10.0000	wh_main_unit_explosion_light	100.0000	-1.0000	true	false
wh_main_emp_grenade_explosion	percussive	shockwave	3.0000	0.0000	13.0000	34.0000		wh_main_generic_spherical_explosion_small	0.0000		wh_grenade		25.0000	false	15.0000	wh_main_unit_explosion_light	180.0000	-1.0000	true	false
wh_main_emp_mortar_explosion	percussive	shockwave	6.0000	0.0000	11.0000	60.0000		wh_main_generic_spherical_explosion_large	0.0000		wh_mortar		0.0000	false	16.0000	wh_main_unit_explosion_medium	260.0000	-1.0000	true	false
wh_main_emp_rocket_battery_fuse	fuse	shockwave	5.0000	1.0000	12.0000	35.0000	emp_rocket_shrapnel	wh_main_generic_spherical_explosion_small	70.0000		wh_rocket		1.0000	false	55.0000	wh_main_unit_explosion_medium	200.0000	-1.0000	true	false
wh_main_emp_rocket_explosion	percussive	shockwave	6.0000	0.0000	11.0000	22.0000		wh_main_generic_spherical_explosion_large	0.0000		wh_rocket		0.0000	false	51.0000	wh_main_unit_explosion_medium	200.0000	-1.0000	true	false
wh_main_emp_steamtank_steamgun_explosion	percussive	shockwave	4.0000	0.0000	8.0000	44.0000		wh3_dlc25_gyrocopter_steam_impact	0.0000		wh_copter_steamgun		0.0000	false	12.0000	wh_main_unit_explosion_light	10.0000	-1.0000	true	false
wh_main_fire_miscast	percussive	shockwave	3.0000	1.0000	12.0000	288.0000		wh_main_generic_miscast	0.0000		wh2_magic_miscast_generic		0.0000	true	300.0000	wh_main_unit_explosion_light	150.0000	-1.0000	true	false
wh_main_gen_carcass_explosion	percussive	carcass	2.0000	0.0000	6.0000	1.0000			0.0000		wh_carcass		0.0000	false	0.0000	wh_main_unit_explosion_light	100.0000	-1.0000	true	false
wh_main_gen_large_explosion	percussive	shockwave	7.0000	0.0000	6.0000	90.0000		wh_main_generic_spherical_explosion_large	0.0000		wh_generic_large		0.0000	false	0.0000	wh_main_unit_explosion_heavy	100.0000	-1.0000	true	false
wh_main_gen_small_explosion	percussive	shockwave	5.0000	0.0000	10.0000	250.0000		wh_main_generic_spherical_explosion_small	0.0000		wh_generic_small		0.0000	false	750.0000	wh_main_unit_explosion_light	100.0000	-1.0000	true	false
wh_main_generic_miscast	percussive	shockwave	3.0000	1.0000	12.0000	288.0000		wh_main_generic_miscast	0.0000		wh2_magic_miscast_generic		0.0000	true	300.0000	wh_main_unit_explosion_light	150.0000	-1.0000	true	false
wh_main_grn_doomdiver_goblin_explosion	percussive	carcass	2.0000	0.0000	10.0000	40.0000			0.0000		wh_large_rock		0.0000	false	15.0000	wh_main_unit_explosion_medium	100.0000	-1.0000	true	false
wh_main_grn_rock_lobber_explosion	percussive	shockwave	4.0000	0.0000	12.0000	30.0000			0.0000		wh_large_rock		0.0000	false	65.0000	wh_main_unit_explosion_medium	180.0000	-1.0000	true	false
wh_main_heavens_miscast	percussive	shockwave	3.0000	1.0000	12.0000	288.0000		wh_main_generic_miscast	0.0000		wh2_magic_miscast_generic		0.0000	true	300.0000	wh_main_unit_explosion_light	150.0000	-1.0000	true	false
wh_main_light_miscast	percussive	shockwave	3.0000	1.0000	12.0000	288.0000		wh_main_generic_miscast	0.0000		wh2_magic_miscast_generic		0.0000	true	300.0000	wh_main_unit_explosion_light	150.0000	-1.0000	true	false
wh_main_lil_waaagh_miscast	percussive	shockwave	3.0000	1.0000	12.0000	288.0000		wh_main_generic_miscast	0.0000		wh2_magic_miscast_generic		0.0000	true	300.0000	wh_main_unit_explosion_light	150.0000	-1.0000	true	false
wh_main_lord_abilities_lord_of_the_storm	percussive	shockwave	6.0000	0.0000	11.0000	0.0000		wh_main_abilities_lord_of_the_storm_explosion	0.0000		wh3_thorsens_thunderstorm		0.0000	true	24.0000	wh_main_unit_explosion_medium	450.0000	-1.0000	true	true
wh_main_metal_miscast	percussive	shockwave	3.0000	1.0000	12.0000	288.0000		wh_main_generic_miscast	0.0000		wh2_magic_miscast_generic		0.0000	true	300.0000	wh_main_unit_explosion_light	150.0000	-1.0000	true	false
wh_main_spell_big_waaagh_gaze_of_mork	percussive	shockwave	2.0000	1.0000	10.0000	76.0000		wh_main_big_waaagh_gaze_of_mork_explosion	0.0000		wh_generic_small		0.0000	true	32.0000	wh_main_unit_explosion_light	80.0000	-1.0000	true	true
wh_main_spell_big_waaagh_gaze_of_mork_upgraded	percussive	shockwave	4.0000	1.0000	10.0000	151.0000		wh_main_big_waaagh_gaze_of_mork_explosion	0.0000		wh_generic_small		0.0000	true	65.0000	wh_main_unit_explosion_light	100.0000	-1.0000	true	true
wh_main_spell_bound_soulfire	percussive	shockwave	3.0000	1.0000	10.0000	50.0000			0.0000				0.0000	true	0.0000		400.0000	-1.0000	false	true
wh_main_spell_fire_fireball	percussive	shockwave	5.0000	1.0000	11.0000	144.0000		wh3_dlc23_fire_fireball_impact	0.0000	wh3_dlc23_fire_fireball_impact_terrain	wh_main_spell_fire_fireball		1.0000	true	0.0000	wh_main_unit_explosion_light	450.0000	-1.0000	true	true
wh_main_spell_fire_fireball_upgraded	percussive	shockwave	6.0000	1.0000	11.0000	144.0000		wh3_dlc23_fire_fireball_impact	0.0000	wh3_dlc23_fire_fireball_impact_terrain	wh_main_spell_fire_fireball		1.0000	true	72.0000	wh_main_unit_explosion_light	450.0000	-1.0000	true	true
wh_main_spell_fire_piercing_bolts_of_burning	percussive	shockwave	3.0000	1.0000	12.0000	0.0000		wh_main_fire_piercing_bolts_of_burning_impact_air	0.0000	wh_main_fire_piercing_bolts_of_burning_impact	none		1.0000	true	90.0000	wh_main_unit_explosion_light	400.0000	-1.0000	true	true
wh_main_spell_fire_piercing_bolts_of_burning_upgraded	percussive	shockwave	3.0000	1.0000	12.0000	0.0000		wh_main_fire_piercing_bolts_of_burning_impact_air	0.0000	wh_main_fire_piercing_bolts_of_burning_impact	wh_generic_small		1.0000	true	90.0000	wh_main_unit_explosion_light	400.0000	-1.0000	true	true
wh_main_spell_heavens_comet_of_casandora	percussive	shockwave	20.0000	1.0000	20.0000	0.0000			0.0000		wh_comet_of_cas		0.0000	true	72.0000	wh_main_unit_explosion_heavy	500.0000	-1.0000	true	true
wh_main_spell_heavens_comet_of_casandora_bound	percussive	shockwave	20.0000	1.0000	20.0000	0.0000			0.0000		wh_comet_of_cas		0.0000	true	36.0000	wh_main_unit_explosion_heavy	500.0000	-1.0000	true	true
wh_main_spell_heavens_comet_of_casandora_upgraded	percussive	shockwave	20.0000	1.0000	20.0000	0.0000			0.0000		wh_comet_of_cas		0.0000	true	144.0000	wh_main_unit_explosion_heavy	500.0000	-1.0000	true	true
wh_main_spell_heavens_urannons_thunderbolt	percussive	shockwave	8.0000	1.0000	12.0000	0.0000			0.0000		wh3_thorsens_thunderstorm		0.0000	true	96.0000	wh_main_unit_explosion_light	400.0000	-1.0000	true	true
wh_main_spell_heavens_urannons_thunderbolt_upgraded	percussive	shockwave	8.0000	1.0000	12.0000	0.0000			0.0000		wh3_thorsens_thunderstorm		0.0000	true	192.0000	wh_main_unit_explosion_light	400.0000	-1.0000	true	true
wh_main_spell_light_shems_burning_gaze	percussive	shockwave	1.0000	1.0000	5.0000	20.0000		wh_main_light_shems_burning_gaze_explosion	0.0000		wh_main_spell_light_shems_burning_gaze		1.0000	true	45.0000	wh_main_unit_explosion_light	40.0000	-1.0000	true	true
wh_main_spell_light_shems_burning_gaze_upgraded	percussive	shockwave	1.0000	1.0000	5.0000	40.0000		wh_main_light_shems_burning_gaze_explosion	0.0000		wh_main_spell_light_shems_burning_gaze		1.0000	true	90.0000	wh_main_unit_explosion_light	50.0000	-1.0000	true	true
wh_main_spell_lil_waaagh_vindictive_glare	percussive	shockwave	1.0000	1.0000	5.0000	55.0000		wh_main_lil_waaagh_vindictive_glare_explosion	0.0000		wh_generic_small		0.0000	true	25.0000	wh_main_unit_explosion_light	40.0000	-1.0000	true	true
wh_main_spell_lil_waaagh_vindictive_glare_upgraded	percussive	shockwave	1.0000	1.0000	5.0000	25.0000		wh_main_lil_waaagh_vindictive_glare_explosion	0.0000		wh_generic_small		0.0000	true	55.0000	wh_main_unit_explosion_light	50.0000	-1.0000	true	true
wh_main_spell_metal_searing_doom	percussive	shockwave	3.0000	1.0000	12.0000	0.0000		wh3_dlc20_searing_doom_impact	0.0000				0.0000	true	30.0000	wh_main_unit_explosion_light	400.0000	-1.0000	true	true
wh_main_spell_metal_searing_doom_upgraded	percussive	shockwave	3.0000	1.0000	12.0000	0.0000		wh3_dlc20_searing_doom_impact	0.0000				0.0000	true	30.0000	wh_main_unit_explosion_light	400.0000	-1.0000	true	true
wh_main_spell_vampires_gaze_of_nagash	percussive	shockwave	1.0000	1.0000	5.0000	30.0000		wh_main_vampires_gaze_of_nagash_explosion	0.0000		wh_main_spell_vampires_gaze_of_nagash		0.0000	true	65.0000	wh_main_unit_explosion_light	40.0000	-1.0000	true	true
wh_main_spell_vampires_gaze_of_nagash_upgraded	percussive	shockwave	1.0000	1.0000	5.0000	30.0000		wh_main_vampires_gaze_of_nagash_explosion	0.0000		wh_main_spell_vampires_gaze_of_nagash		0.0000	true	65.0000	wh_main_unit_explosion_light	50.0000	-1.0000	true	true
wh_main_unit_abilities_gyrobomber_bomb	percussive	shockwave	5.0000	0.0000	12.0000	25.0000		wh_main_weapon_gyrobomber_bomb_large	0.0000		wh3_dlc26_bomb_generic_explosion		1.0000	false	25.0000	wh_main_unit_explosion_medium	450.0000	-1.0000	true	false
wh_main_unit_abilities_gyrocopter_grenade	percussive	shockwave	4.0000	0.0000	12.0000	25.0000		wh_main_weapon_gyrocopter_grenade	0.0000		wh_grenade		1.0000	false	25.0000	wh_main_unit_explosion_light	400.0000	-1.0000	true	false
wh_main_vampires_miscast	percussive	shockwave	3.0000	1.0000	12.0000	288.0000		wh_main_generic_miscast	0.0000		wh2_magic_miscast_generic		0.0000	true	300.0000	wh_main_unit_explosion_light	150.0000	-1.0000	true	false
wh_main_vmp_bat_explosion	percussive	shockwave	5.0000	0.0000	6.0000	70.0000		wh_main_vmp_caged_bats_explosion	0.0000		wh_large_rock		0.0000	false	0.0000	wh_main_unit_explosion_light	100.0000	-1.0000	true	false
wh_pro04_bst_cygor_boulder_explosion_ror	percussive	shockwave	7.0000	0.0000	10.0000	60.0000		wh_dlc03_amber_spear_explosion	0.0000		wh_large_rock		0.0000	true	100.0000	wh_main_unit_explosion_heavy	200.0000	0.0000	true	false
wh_pro04_chs_hellcannon_ror	percussive	shockwave	7.0000	0.0000	12.0000	30.0000		wh_main_weapon_hellcannon_explosion	0.0000		wh_hellcannon_ror	wh_main_unit_contact_overhead_morale	0.0000	true	90.0000	wh_main_unit_explosion_medium	350.0000	0.0000	true	false
