component	icon	state	sort_order
#campaign_payload_ui_details_tables;2;db/campaign_payload_ui_details_tables/data__			
add_mercenary_to_faction_pool	ui/skins/default/merc.png	positive	5
add_mercenary_to_province_pool	ui/campaign ui/effect_bundles/spawning.png	positive	5
add_province_development_point		positive	0
add_unit		positive	0
ambition_change		positive	0
assign_character_to_post		default	0
character_experience_change	ui/campaign ui/effect_bundles/experience.png	positive	0
damage_buildings	ui/campaign ui/effect_bundles/construction.png	negative	0
damage_buildings_home_region	ui/campaign ui/effect_bundles/construction.png	negative	0
damage_character	ui/campaign ui/effect_bundles/attrition.png	negative	0
demolish_building_chain	ui/campaign ui/effect_bundles/settlement.png	negative	0
diplomatic_attitude_change	ui/campaign ui/effect_bundles/diplomacy.png	positive_if_value_positive	0
dummy_ToL_points_bonus		default	0
dummy_ToL_points_bonus_explainer		default	0
dummy_alliance_great_orthodoxy	ui/skins/default/treaty_military_alliance_small.png	positive	0
dummy_alliance_ice_court	ui/skins/default/treaty_military_alliance_small.png	positive	0
dummy_ariel_spawns	ui/campaign ui/effect_bundles/agent.png	default	0
dummy_blank		default	9
dummy_confederate_aquitaine	ui/campaign ui/effect_bundles/confederation.png	default	0
dummy_confederate_artois	ui/campaign ui/effect_bundles/confederation.png	default	0
dummy_confederate_averland	ui/campaign ui/effect_bundles/confederation.png	default	2
dummy_confederate_bastonne	ui/campaign ui/effect_bundles/confederation.png	default	0
dummy_confederate_bordeleaux	ui/campaign ui/effect_bundles/confederation.png	default	0
dummy_confederate_bretonnia	ui/campaign ui/effect_bundles/confederation.png	default	0
dummy_confederate_carcassonne	ui/campaign ui/effect_bundles/confederation.png	default	0
dummy_confederate_faction_argwylon	ui/campaign ui/effect_bundles/confederation.png	default	0
dummy_confederate_faction_bowmen	ui/campaign ui/effect_bundles/confederation.png	default	0
dummy_confederate_faction_drycha	ui/campaign ui/effect_bundles/confederation.png	default	0
dummy_confederate_faction_karak_hirn	ui/campaign ui/effect_bundles/confederation.png	default	0
dummy_confederate_faction_karond_kar	ui/campaign ui/effect_bundles/confederation.png	default	0
dummy_confederate_faction_laurelorn	ui/campaign ui/effect_bundles/confederation.png	default	0
dummy_confederate_faction_shanlin	ui/campaign ui/effect_bundles/confederation.png	default	0
dummy_confederate_faction_sisters	ui/campaign ui/effect_bundles/confederation.png	default	0
dummy_confederate_faction_talsyn	ui/campaign ui/effect_bundles/confederation.png	default	0
dummy_confederate_faction_torgovann	ui/campaign ui/effect_bundles/confederation.png	default	0
dummy_confederate_faction_wydrioth	ui/campaign ui/effect_bundles/confederation.png	default	0
dummy_confederate_great_orthodoxy	ui/campaign ui/effect_bundles/confederation.png	positive	0
dummy_confederate_greenskin_boss_defeated	ui/campaign ui/effect_bundles/confederation.png	default	0
dummy_confederate_hochland	ui/campaign ui/effect_bundles/confederation.png	default	2
dummy_confederate_ice_court	ui/campaign ui/effect_bundles/confederation.png	positive	0
dummy_confederate_knights_of_origo	ui/campaign ui/effect_bundles/confederation.png	default	0
dummy_confederate_knights_of_the_flame	ui/campaign ui/effect_bundles/confederation.png	default	0
dummy_confederate_lyonesse	ui/campaign ui/effect_bundles/confederation.png	default	0
dummy_confederate_middenland	ui/campaign ui/effect_bundles/confederation.png	default	2
dummy_confederate_nordland	ui/campaign ui/effect_bundles/confederation.png	default	2
dummy_confederate_norsca_chieftan_defeated	ui/campaign ui/effect_bundles/confederation.png	default	0
dummy_confederate_ogr_boss_defeated	ui/campaign ui/effect_bundles/confederation.png	default	0
dummy_confederate_option_wh2_main_dwf_spine_of_sotek_dwarfs	ui/campaign ui/effect_bundles/confederation.png	default	0
dummy_confederate_option_wh2_main_hef_caledor	ui/campaign ui/effect_bundles/confederation.png	default	0
dummy_confederate_option_wh_main_dwf_karak_azul	ui/campaign ui/effect_bundles/confederation.png	default	0
dummy_confederate_ostermark	ui/campaign ui/effect_bundles/confederation.png	default	2
dummy_confederate_ostland	ui/campaign ui/effect_bundles/confederation.png	default	2
dummy_confederate_parravon	ui/campaign ui/effect_bundles/confederation.png	default	0
dummy_confederate_reikland	ui/campaign ui/effect_bundles/confederation.png	default	2
dummy_confederate_stirland	ui/campaign ui/effect_bundles/confederation.png	default	2
dummy_confederate_talabecland	ui/campaign ui/effect_bundles/confederation.png	default	2
dummy_confederate_wh2_dlc12_grn_leaf_cutterz_tribe	ui/campaign ui/effect_bundles/confederation.png	default	0
dummy_confederate_wh2_dlc14_grn_red_cloud	ui/campaign ui/effect_bundles/confederation.png	default	0
dummy_confederate_wh2_dlc15_grn_bonerattlaz	ui/campaign ui/effect_bundles/confederation.png	default	0
dummy_confederate_wh2_dlc15_grn_broken_axe	ui/campaign ui/effect_bundles/confederation.png	default	0
dummy_confederate_wh2_dlc15_grn_skull_crag	ui/campaign ui/effect_bundles/confederation.png	default	0
dummy_confederate_wh2_main_dwf_spine_of_sotek_dwarfs	ui/campaign ui/effect_bundles/confederation.png	default	0
dummy_confederate_wh2_main_grn_arachnos	ui/campaign ui/effect_bundles/confederation.png	default	0
dummy_confederate_wh2_main_grn_blue_vipers	ui/campaign ui/effect_bundles/confederation.png	default	0
dummy_confederate_wh2_main_hef_caledor	ui/campaign ui/effect_bundles/confederation.png	default	0
dummy_confederate_wh2_main_nor_aghol	ui/campaign ui/effect_bundles/confederation.png	default	0
dummy_confederate_wh2_main_nor_mung	ui/campaign ui/effect_bundles/confederation.png	default	0
dummy_confederate_wh2_main_nor_skeggi	ui/campaign ui/effect_bundles/confederation.png	default	0
dummy_confederate_wh_dlc08_nor_goromadny_tribe	ui/campaign ui/effect_bundles/confederation.png	default	0
dummy_confederate_wh_dlc08_nor_helspire_tribe	ui/campaign ui/effect_bundles/confederation.png	default	0
dummy_confederate_wh_dlc08_nor_naglfarlings	ui/campaign ui/effect_bundles/confederation.png	default	0
dummy_confederate_wh_dlc08_nor_norsca	ui/campaign ui/effect_bundles/confederation.png	default	0
dummy_confederate_wh_dlc08_nor_vanaheimlings	ui/campaign ui/effect_bundles/confederation.png	default	0
dummy_confederate_wh_dlc08_nor_wintertooth	ui/campaign ui/effect_bundles/confederation.png	default	0
dummy_confederate_wh_main_dwf_karak_azul	ui/campaign ui/effect_bundles/confederation.png	default	0
dummy_confederate_wissenland	ui/campaign ui/effect_bundles/confederation.png	default	2
dummy_convoy_ambush_first	UI/skins/default/icon_alert_message.png	default	0
dummy_convoy_ambush_second	UI/skins/default/icon_alert_message.png	default	0
dummy_convoy_cathay_caravan_first	UI/skins/default/icon_alert_message.png	default	0
dummy_convoy_cathay_caravan_second	UI/skins/default/icon_alert_message.png	default	0
dummy_convoy_dwarfs_first	UI/skins/default/icon_alert_message.png	default	0
dummy_convoy_dwarfs_second	UI/skins/default/icon_alert_message.png	default	0
dummy_convoy_far_from_home_first	UI/skins/default/icon_alert_message.png	default	0
dummy_convoy_far_from_home_second	UI/skins/default/icon_alert_message.png	default	0
dummy_convoy_guide_first	UI/skins/default/icon_alert_message.png	default	0
dummy_convoy_guide_second	UI/skins/default/icon_alert_message.png	default	0
dummy_convoy_hobgoblin_first	UI/skins/default/icon_alert_message.png	default	0
dummy_convoy_hobgoblin_second	UI/skins/default/icon_alert_message.png	default	0
dummy_convoy_hungry_daemons_first	UI/skins/default/icon_alert_message.png	default	0
dummy_convoy_hungry_daemons_second	UI/skins/default/icon_alert_message.png	default	0
dummy_convoy_localised_elfs_first	UI/skins/default/icon_alert_message.png	default	0
dummy_convoy_localised_elfs_second	UI/skins/default/icon_alert_message.png	default	0
dummy_convoy_offence_defence_first	UI/skins/default/icon_alert_message.png	default	0
dummy_convoy_offence_defence_second	UI/skins/default/icon_alert_message.png	default	0
dummy_convoy_ogres_first	UI/skins/default/icon_alert_message.png	default	0
dummy_convoy_ogres_second	UI/skins/default/icon_alert_message.png	default	0
dummy_convoy_portal_1_first	UI/skins/default/icon_alert_message.png	default	0
dummy_convoy_portal_1_second	UI/skins/default/icon_alert_message.png	default	0
dummy_convoy_portal_2_first	UI/skins/default/icon_alert_message.png	default	0
dummy_convoy_portal_2_second	UI/skins/default/icon_alert_message.png	default	0
dummy_convoy_portal_3_first	UI/skins/default/icon_alert_message.png	default	0
dummy_convoy_portal_3_second	UI/skins/default/icon_alert_message.png	default	0
dummy_convoy_power_overwhelming_first	UI/skins/default/icon_alert_message.png	default	0
dummy_convoy_power_overwhelming_second	UI/skins/default/icon_alert_message.png	default	0
dummy_convoy_quick_way_down_first	UI/skins/default/icon_alert_message.png	default	0
dummy_convoy_quick_way_down_second	UI/skins/default/icon_alert_message.png	default	0
dummy_convoy_rats_first	UI/skins/default/icon_alert_message.png	default	0
dummy_convoy_rats_second	UI/skins/default/icon_alert_message.png	default	0
dummy_convoy_redeadify_first	UI/skins/default/icon_alert_message.png	default	0
dummy_convoy_redeadify_second	UI/skins/default/icon_alert_message.png	default	0
dummy_convoy_trading_dark_elfs_first	UI/skins/default/icon_alert_message.png	default	0
dummy_convoy_trading_dark_elfs_second	UI/skins/default/icon_alert_message.png	default	0
dummy_convoy_training_camp_first	UI/skins/default/icon_alert_message.png	default	0
dummy_convoy_training_camp_second	UI/skins/default/icon_alert_message.png	default	0
dummy_convoy_way_of_lava_first	UI/skins/default/icon_alert_message.png	default	0
dummy_convoy_way_of_lava_second	UI/skins/default/icon_alert_message.png	default	0
dummy_cst_dilemma_avoid_diplomatic_penalty	ui/campaign ui/effect_bundles/diplomacy.png	default	0
dummy_diplomatic_attitude_change	ui/campaign ui/effect_bundles/diplomacy.png	positive_if_value_positive	0
dummy_dlc10_blood_voyage_next_turn	ui/campaign ui/effect_bundles/dlc10_blood_voyage.png	positive	0
dummy_dlc10_death_night_cost_increase	ui/campaign ui/effect_bundles/slaves.png	negative	0
dummy_do_nothing	ui/campaign ui/effect_bundles/icon_effects_army.png	default	0
dummy_elector_civil_war	ui/campaign ui/effect_bundles/diplomacy.png	default	2
dummy_elector_confederation	ui/campaign ui/effect_bundles/confederation.png	default	2
dummy_elector_confederation_offer	ui/campaign ui/effect_bundles/confederation.png	default	0
dummy_elector_fealty_gain_all		default	0
dummy_elector_fealty_loss_all		default	0
dummy_elector_invasion_beastmen	ui/campaign ui/effect_bundles/attrition.png	default	0
dummy_elector_invasion_beastmen_ai	ui/campaign ui/effect_bundles/attrition.png	default	0
dummy_elector_invasion_greenskins	ui/campaign ui/effect_bundles/attrition.png	default	0
dummy_elector_invasion_greenskins_ai	ui/campaign ui/effect_bundles/attrition.png	default	0
dummy_elector_invasion_norsca	ui/campaign ui/effect_bundles/attrition.png	default	0
dummy_elector_invasion_norsca_ai	ui/campaign ui/effect_bundles/attrition.png	default	0
dummy_elector_invasion_skaven	ui/campaign ui/effect_bundles/attrition.png	default	0
dummy_elector_invasion_skaven_ai	ui/campaign ui/effect_bundles/attrition.png	default	0
dummy_elector_loyalty_decrease_1	ui/campaign ui/effect_bundles/hunter_effect_icons_loyalty_red.png	default	3
dummy_elector_loyalty_decrease_2	ui/campaign ui/effect_bundles/hunter_effect_icons_loyalty_red.png	default	3
dummy_elector_loyalty_increase_1	ui/campaign ui/effect_bundles/hunter_effect_icons_loyalty_green.png	default	3
dummy_elector_loyalty_increase_2	ui/campaign ui/effect_bundles/hunter_effect_icons_loyalty_green.png	default	3
dummy_elector_loyalty_large_decrease_1	ui/campaign ui/effect_bundles/hunter_effect_icons_loyalty_red.png	default	3
dummy_elector_loyalty_large_decrease_2	ui/campaign ui/effect_bundles/hunter_effect_icons_loyalty_red.png	default	3
dummy_elector_loyalty_large_increase_1	ui/campaign ui/effect_bundles/hunter_effect_icons_loyalty_green.png	default	3
dummy_elector_loyalty_large_increase_2	ui/campaign ui/effect_bundles/hunter_effect_icons_loyalty_green.png	default	3
dummy_elector_player_civil_war	ui/campaign ui/effect_bundles/diplomacy.png	default	0
dummy_elector_region_return	ui/campaign ui/effect_bundles/settlement.png	default	1
dummy_elector_region_taken	ui/campaign ui/effect_bundles/icon_effects_army.png	default	1
dummy_elector_scout_region	ui/campaign ui/effect_bundles/agent.png	default	0
dummy_elector_stop_civil_war	ui/campaign ui/effect_bundles/diplomacy.png	default	0
dummy_elector_stop_succession	ui/campaign ui/effect_bundles/diplomacy.png	default	0
dummy_elector_war_declared_1	ui/campaign ui/effect_bundles/diplomacy.png	default	1
dummy_elector_war_declared_2	ui/campaign ui/effect_bundles/diplomacy.png	default	1
dummy_end_campaign	UI/skins/default/icon_alert_message.png	negative	0
dummy_endgame_vermintide_ubersreik	ui/campaign ui/effect_bundles/army.png	default	0
dummy_enemy_leader_killed	ui/campaign ui/effect_bundles/wound_time.png	default	0
dummy_exalted_hero_capacity	ui/campaign ui/effect_bundles/agent.png	default	0
dummy_flesh_lab_batch_available_1	ui/campaign ui/effect_bundles/flabo.png	positive	0
dummy_flesh_lab_batch_available_2	ui/campaign ui/effect_bundles/flabo.png	positive	0
dummy_gelt_intro_dilemmas_1	ui/campaign ui/effect_bundles/construction.png	default	0
dummy_gelt_intro_dilemmas_2	ui/campaign ui/effect_bundles/diplomacy.png	default	0
dummy_gelt_intro_dilemmas_3	ui/campaign ui/effect_bundles/diplomacy.png	default	0
dummy_gelt_intro_dilemmas_4	ui/campaign ui/effect_bundles/trait_human.png	default	0
dummy_gelt_intro_dilemmas_5	ui/campaign ui/effect_bundles/diplomacy.png	default	0
dummy_gelt_intro_dilemmas_6	ui/campaign ui/effect_bundles/character.png	default	0
dummy_gelt_intro_dilemmas_7	ui/campaign ui/effect_bundles/general_ability.png	default	0
dummy_grn_da_plan_alpha_amma	UI\skins\default\dlc26_greenskins_da_plan\tactic_alpha_wolf.png	default	0
dummy_grn_da_plan_arrer_catcha	UI\skins\default\dlc26_greenskins_da_plan\tactic_arrow_catcher.png	default	0
dummy_grn_da_plan_block_an_smash	UI\skins\default\dlc26_greenskins_da_plan\tactic_block_and_smash.png	default	0
dummy_grn_da_plan_broodmothers	UI\skins\default\dlc26_greenskins_da_plan\tactic_broodmothers.png	default	0
dummy_grn_da_plan_cheerleadaz	UI\skins\default\dlc26_greenskins_da_plan\tactic_cheerleaders.png	default	0
dummy_grn_da_plan_cut_da_chains	UI\skins\default\dlc26_greenskins_da_plan\tactic_cut_the_chains.png	default	0
dummy_grn_da_plan_da_black_bastion	UI\skins\default\dlc26_greenskins_da_plan\tactic_black_bastion.png	default	0
dummy_grn_da_plan_da_greatest_warlord	UI\skins\default\dlc26_greenskins_da_plan\tactic_greatest_warlord.png	default	0
dummy_grn_da_plan_drag_da_wagonz	UI\skins\default\dlc26_greenskins_da_plan\tactic_drag_da_wagonz.png	default	0
dummy_grn_da_plan_drink_an_drive	UI\skins\default\dlc26_greenskins_da_plan\tactic_drink_and_drive.png	default	0
dummy_grn_da_plan_earthquake	UI\skins\default\dlc26_greenskins_da_plan\tactic_earthquake.png	default	0
dummy_grn_da_plan_eat_da_runts	UI\skins\default\dlc26_greenskins_da_plan\tactic_eat_the_runts.png	default	0
dummy_grn_da_plan_eavy_metal_marchin	UI\skins\default\dlc26_greenskins_da_plan\tactic_eavy_metal_marchin.png	default	0
dummy_grn_da_plan_erd_mentality	UI\skins\default\dlc26_greenskins_da_plan\tactic_herd_mentality.png	default	0
dummy_grn_da_plan_fly_at_da_smoke	UI\skins\default\dlc26_greenskins_da_plan\tactic_smoke_signal.png	default	0
dummy_grn_da_plan_fungus_farms	UI\skins\default\dlc26_greenskins_da_plan\tactic_fungus_farm.png	default	0
dummy_grn_da_plan_get_dem_from_below	UI\skins\default\dlc26_greenskins_da_plan\tactic_tunnel_attack.png	default	0
dummy_grn_da_plan_goin_commando	UI\skins\default\dlc26_greenskins_da_plan\tactic_goin_commando.png	default	0
dummy_grn_da_plan_keep_bossin	UI\skins\default\dlc26_greenskins_da_plan\tactic_keep_bossin.png	default	0
dummy_grn_da_plan_keep_em_ungry	UI\skins\default\dlc26_greenskins_da_plan\tactic_keep_em_ungry.png	default	0
dummy_grn_da_plan_lead_da_charge	UI\skins\default\dlc26_greenskins_da_plan\tactic_lead_the_charge.png	default	0
dummy_grn_da_plan_little_wont_urt	UI\skins\default\dlc26_greenskins_da_plan\tactic_poison.png	default	0
dummy_grn_da_plan_load_yerself	UI\skins\default\dlc26_greenskins_da_plan\tactic_load_yourself.png	default	0
dummy_grn_da_plan_master_planner	UI\skins\default\dlc26_greenskins_da_plan\tactic_master_planner.png	default	0
dummy_grn_da_plan_netted_targets	UI\skins\default\dlc26_greenskins_da_plan\tactic_nets.png	default	0
dummy_grn_da_plan_power_of_da_waaagh	UI\skins\default\dlc26_greenskins_da_plan\tactic_power_of_da_waaagh.png	default	0
dummy_grn_da_plan_raidin_parties	UI\skins\default\dlc26_greenskins_da_plan\tactic_raiding.png	default	0
dummy_grn_da_plan_regimental	UI\skins\default\dlc26_greenskins_da_plan\tactic_regimental.png	default	0
dummy_grn_da_plan_shoot_da_runts	UI\skins\default\dlc26_greenskins_da_plan\tactic_accuracy.png	default	0
dummy_grn_da_plan_shot_in_da_dark	UI\skins\default\dlc26_greenskins_da_plan\tactic_shot_in_the_dark.png	default	0
dummy_grn_da_plan_splode_da_big_one	UI\skins\default\dlc26_greenskins_da_plan\tactic_explode_the_big_one.png	default	0
dummy_grn_da_plan_stick_em_like_pigs	UI\skins\default\dlc26_greenskins_da_plan\tactic_stick_em_like_pigs.png	default	0
dummy_grn_da_plan_stinkee_arrers	UI\skins\default\dlc26_greenskins_da_plan\tactic_stinky_arrows.png	default	0
dummy_grn_da_plan_stompin_ground	UI\skins\default\dlc26_greenskins_da_plan\tactic_stompin_ground.png	default	0
dummy_grn_da_plan_suprise_savagery	UI\skins\default\dlc26_greenskins_da_plan\tactic_suprise_savagery.png	default	0
dummy_grn_da_plan_webweavin	UI\skins\default\dlc26_greenskins_da_plan\tactic_webweavin.png	default	0
dummy_grudge_cycle_delay	ui/campaign ui/effect_bundles/grudges.png	default	0
dummy_grudge_cycle_higher_requirement	ui/campaign ui/effect_bundles/grudges.png	default	1
dummy_grudge_cycle_new_age	ui/campaign ui/effect_bundles/grudges.png	default	0
dummy_grudge_cycle_not_launched_1	ui/campaign ui/effect_bundles/grudges.png	default	0
dummy_grudge_cycle_not_launched_2	ui/campaign ui/effect_bundles/grudges.png	default	1
dummy_lzd_oxyotl_the_golden_blowpipe_of_ptoohee_fight_battle	ui/campaign ui/effect_bundles/icon_effects_ambush.png	default	0
dummy_lzd_oxyotl_the_golden_blowpipe_of_ptoohee_next_stage	ui/campaign ui/effect_bundles/turns.png	default	0
dummy_marker_will_persist	ui/campaign ui/effect_bundles/campaign_movement.png	default	0
dummy_mission_1_aekold_helbrass	ui/campaign ui/effect_bundles/turns.png	positive	0
dummy_mission_1_blue_scribes	ui/campaign ui/effect_bundles/turns.png	positive	0
dummy_mission_1_golden_knight	ui/campaign ui/effect_bundles/turns.png	positive	0
dummy_mission_1_karanak	ui/campaign ui/effect_bundles/agent.png	positive	0
dummy_mission_1_saytang	ui/campaign ui/effect_bundles/turns.png	positive	0
dummy_mission_1_ulrika	ui/campaign ui/effect_bundles/turns.png	default	0
dummy_mission_2_aekold_helbrass	ui/campaign ui/effect_bundles/turns.png	positive	0
dummy_mission_2_blue_scribes	ui/campaign ui/effect_bundles/turns.png	positive	0
dummy_mission_2_golden_knight	ui/campaign ui/effect_bundles/agent.png	positive	0
dummy_mission_2_saytang	ui/campaign ui/effect_bundles/turns.png	positive	0
dummy_mission_2_ulrika	ui/campaign ui/effect_bundles/agent.png	positive	0
dummy_mission_3_aekold_helbrass	ui/campaign ui/effect_bundles/agent.png	positive	0
dummy_mission_3_blue_scribes	ui/campaign ui/effect_bundles/agent.png	positive	0
dummy_monster_pen_modifiers	ui/campaign ui/effect_bundles/rakarth.png	default	1
dummy_monster_pens	ui/campaign ui/effect_bundles/rakarth.png	default	0
dummy_mortal_worlds_torment_decrease	ui/campaign ui/effect_bundles/dlc10_mortal_torment.png	positive	0
dummy_mortal_worlds_torment_increase	ui/campaign ui/effect_bundles/dlc10_mortal_torment.png	negative	0
dummy_mother_ostankya_hex_1	ui/campaign ui/effect_bundles/hex_1.png	positive	0
dummy_mother_ostankya_hex_2	ui/campaign ui/effect_bundles/hex_2.png	positive	0
dummy_mother_ostankya_hex_3	ui/campaign ui/effect_bundles/hex_3.png	positive	0
dummy_mother_ostankya_hex_4	ui/campaign ui/effect_bundles/hex_4.png	positive	0
dummy_mother_ostankya_hex_5	ui/campaign ui/effect_bundles/hex_5.png	positive	0
dummy_mother_ostankya_hex_6	ui/campaign ui/effect_bundles/hex_6.png	positive	0
dummy_move_capital_eight_peaks	ui/campaign ui/effect_bundles/settlement.png	default	0
dummy_nemesis_crown_seal	UI/skins/default/icon_alert_message.png	default	0
dummy_nemesis_crown_take	UI/skins/default/icon_alert_message.png	default	0
dummy_new_grudge_cycle	ui/campaign ui/effect_bundles/turns.png	default	0
dummy_ocean_of_opportunities_first	UI/skins/default/icon_missions.png	default	0
dummy_ocean_of_opportunities_fourth	UI/skins/default/icon_missions.png	default	0
dummy_ocean_of_opportunities_second	UI/skins/default/icon_missions.png	default	0
dummy_ocean_of_opportunities_third	UI/skins/default/icon_missions.png	default	0
dummy_ogr_contract_continue_war	ui/campaign ui/effect_bundles/diplomacy.png	negative	0
dummy_ogr_contract_peace	ui/campaign ui/effect_bundles/diplomacy.png	default	0
dummy_province_development_point	ui/skins/default/icon_pop_surplus.png	positive	0
dummy_rakarth_battles_harpies	ui/campaign ui/effect_bundles/icon_effects_raiding.png	default	-1
dummy_rakarth_battles_sea	ui/campaign ui/effect_bundles/casualties.png	default	-1
dummy_rakarth_battles_underway	ui/campaign ui/effect_bundles/casualties.png	default	-1
dummy_rakarth_raid_cold_ones	ui/campaign ui/effect_bundles/icon_effects_raiding.png	default	-1
dummy_rakarth_raid_desert	ui/campaign ui/effect_bundles/icon_effects_raiding.png	default	-1
dummy_rakarth_raid_frozen	ui/campaign ui/effect_bundles/icon_effects_raiding.png	default	-1
dummy_rakarth_raid_jungle	ui/campaign ui/effect_bundles/icon_effects_raiding.png	default	-1
dummy_rakarth_raid_magical_forest	ui/campaign ui/effect_bundles/icon_effects_raiding.png	default	-1
dummy_rakarth_raid_manticore	ui/campaign ui/effect_bundles/icon_effects_raiding.png	default	-1
dummy_rakarth_raid_mountain	ui/campaign ui/effect_bundles/icon_effects_raiding.png	default	-1
dummy_rakarth_raid_temperate	ui/campaign ui/effect_bundles/icon_effects_raiding.png	default	-1
dummy_rakarth_raid_temperate_island	ui/campaign ui/effect_bundles/icon_effects_raiding.png	default	-1
dummy_rakarth_raid_wasteland	ui/campaign ui/effect_bundles/icon_effects_raiding.png	default	-1
dummy_rakarth_settlement_chaos	ui/campaign ui/effect_bundles/siege_defence.png	default	-1
dummy_rakarth_settlement_dark_elves	ui/campaign ui/effect_bundles/siege_defence.png	default	-1
dummy_rakarth_settlement_dragon	ui/campaign ui/effect_bundles/siege_defence.png	default	-1
dummy_rakarth_settlement_greenskins	ui/campaign ui/effect_bundles/siege_defence.png	default	-1
dummy_rakarth_settlement_kislev	ui/campaign ui/effect_bundles/siege_defence.png	default	-1
dummy_rakarth_settlement_lizardmen	ui/campaign ui/effect_bundles/siege_defence.png	default	-1
dummy_rakarth_settlement_norsca	ui/campaign ui/effect_bundles/siege_defence.png	default	-1
dummy_rakarth_settlement_ogres	ui/campaign ui/effect_bundles/siege_defence.png	default	-1
dummy_rakarth_settlement_wood_elves	ui/campaign ui/effect_bundles/siege_defence.png	default	-1
dummy_region_returned_to_high_elves	ui/campaign ui/effect_bundles/settlement.png	negative	0
dummy_remove_dwarf_minor_cult	ui/campaign ui/effect_bundles/attrition.png	default	0
dummy_repair_dwarf_minor_cult	ui/campaign ui/effect_bundles/settlement.png	default	0
dummy_sell_settlement_minor_cult	ui/campaign ui/effect_bundles/settlement.png	default	0
dummy_sisters_forge_active_1	ui/campaign ui/effect_bundles/forge_of_daith.png	default	0
dummy_sisters_forge_active_2	UI/Campaign UI/Effect_bundles/turns.png	default	0
dummy_sisters_forge_event_1	ui/campaign ui/effect_bundles/forge_of_daith.png	default	0
dummy_sisters_forge_event_2	UI/Campaign UI/Effect_bundles/turns.png	default	0
dummy_sisters_forge_event_3	ui/campaign ui/effect_bundles/forge_of_daith.png	default	0
dummy_sorcerer_capacity	ui/campaign ui/effect_bundles/agent.png	default	0
dummy_spawn_aekold_helbrass	ui/campaign ui/effect_bundles/agent.png	positive	-1
dummy_spawn_blue_scribes	ui/campaign ui/effect_bundles/agent.png	positive	-1
dummy_spawn_bragg_the_gutsman_1	ui/campaign ui/effect_bundles/agent.png	default	0
dummy_spawn_bragg_the_gutsman_2	ui/campaign ui/effect_bundles/agent.png	positive	0
dummy_spawn_epidemius	ui/campaign ui/effect_bundles/agent.png	positive	0
dummy_spawn_garagrim_ironfist	ui/campaign ui/effect_bundles/agent.png	positive	0
dummy_spawn_golden_knight	ui/campaign ui/effect_bundles/agent.png	positive	-1
dummy_spawn_gorduz_backstabber	ui/campaign ui/effect_bundles/agent.png	positive	0
dummy_spawn_gotrek_felix	ui/campaign ui/effect_bundles/hunter_effect_icons_gotrek_felix.png	positive	0
dummy_spawn_harald_hammerstorm	ui/campaign ui/effect_bundles/agent.png	positive	0
dummy_spawn_karanak	ui/campaign ui/effect_bundles/agent.png	positive	0
dummy_spawn_lord_kroak	ui/campaign ui/effect_bundles/slann_mage_priest.png	positive	0
dummy_spawn_saytang	ui/campaign ui/effect_bundles/agent.png	positive	-1
dummy_spawn_scyla_anfingrimm_1	ui/campaign ui/effect_bundles/agent.png	default	0
dummy_spawn_scyla_anfingrimm_2	ui/campaign ui/effect_bundles/agent.png	default	0
dummy_spawn_scyla_anfingrimm_3	ui/campaign ui/effect_bundles/agent.png	positive	0
dummy_spawn_skarr_bloodwrath_1	ui/campaign ui/effect_bundles/agent.png	default	0
dummy_spawn_skarr_bloodwrath_2	ui/campaign ui/effect_bundles/agent.png	default	0
dummy_spawn_skarr_bloodwrath_3	ui/campaign ui/effect_bundles/agent.png	positive	0
dummy_spawn_snagla_grobspit	ui/campaign ui/effect_bundles/agent.png	positive	0
dummy_spawn_theodore	ui/campaign ui/effect_bundles/agent.png	positive	0
dummy_spawn_ulrika_magdova	ui/campaign ui/effect_bundles/agent.png	positive	0
dummy_sword_will_be_lost	ui/campaign ui/effect_bundles/icon_effects_army.png	default	0
dummy_sword_will_be_picked	UI/skins/default/equipment_items_weapon_small.png	default	0
dummy_sword_will_be_strong	UI/skins/default/equipment_items_weapon_small.png	default	0
dummy_take_no_action	ui/campaign ui/effect_bundles/icon_effects_army.png	default	1
dummy_tamurkhan_deference_final_reward	ui/campaign ui/effect_bundles/trait_deference_4.png	default	0
dummy_theodore_mission_stage_1	ui/campaign ui/effect_bundles/army.png	default	0
dummy_unlock_hellforge_effect_bull_centaur_renders	ui/campaign ui/effect_bundles/chd_hellforge.png	positive	0
dummy_unlock_hellforge_effect_bull_centaurs_taurus	ui/campaign ui/effect_bundles/chd_hellforge.png	positive	0
dummy_unlock_hellforge_effect_chaos_dwarf_warriors	ui/campaign ui/effect_bundles/chd_hellforge.png	positive	0
dummy_unlock_hellforge_effect_deathshrieker_dreadquake	ui/campaign ui/effect_bundles/chd_hellforge.png	positive	0
dummy_unlock_hellforge_effect_hellcannon_magma_cannon	ui/campaign ui/effect_bundles/chd_hellforge.png	positive	0
dummy_unlock_hellforge_effect_hobgoblins	ui/campaign ui/effect_bundles/chd_hellforge.png	positive	0
dummy_unlock_hellforge_effect_infernal_guard	ui/campaign ui/effect_bundles/chd_hellforge.png	positive	0
dummy_unlock_hellforge_effect_infernal_guard_greatweapons	ui/campaign ui/effect_bundles/chd_hellforge.png	positive	0
dummy_unlock_hellforge_effect_infernal_ironsworn	ui/campaign ui/effect_bundles/chd_hellforge.png	positive	0
dummy_unlock_hellforge_effect_melee_infantry	ui/campaign ui/effect_bundles/chd_hellforge.png	positive	0
dummy_unlock_hellforge_effect_missile_infantry	ui/campaign ui/effect_bundles/chd_hellforge.png	positive	0
dummy_vortex_final_battle_experience	ui/campaign ui/effect_bundles/experience.png	positive	0
dummy_vortex_final_battle_unit_rank	ui/campaign ui/effect_bundles/experience.png	positive	0
dummy_war_great_orthodoxy	ui/skins/default/treaty_war_small.png	positive	0
dummy_war_ice_court	ui/skins/default/treaty_war_small.png	positive	0
dummy_wef_encounter_confed_oreon	ui/campaign ui/effect_bundles/confederation.png	positive	0
dummy_wef_encounter_easy_battle	ui/campaign ui/effect_bundles/casualties.png	default	0
dummy_wef_encounter_greenskins	ui/campaign ui/effect_bundles/casualties.png	default	0
dummy_wef_encounter_hard_battle	ui/campaign ui/effect_bundles/casualties.png	default	0
dummy_wef_encounter_very_hard_battle	ui/campaign ui/effect_bundles/casualties.png	default	0
dummy_wef_encounter_war_with_oreon	ui/campaign ui/effect_bundles/diplomacy.png	negative	0
dummy_wh2_dlc11_neo_counter_fight	ui/campaign ui/effect_bundles/casualties.png	default	0
dummy_wh2_dlc11_neo_counter_fight_chance	ui/campaign ui/effect_bundles/casualties.png	default	0
dummy_wh2_dlc11_neo_counter_treasure	ui/campaign ui/effect_bundles/vow_questing_positive.png	default	0
dummy_wh2_dlc11_neo_counter_treasure_minor	ui/campaign ui/effect_bundles/vow_questing_positive.png	default	0
dummy_wh2_dlc13_hunter_dilemma	UI/Campaign UI/Effect_bundles/hunter_effect_icons_campaign_progress.png	default	0
dummy_wh2_dlc13_hunter_join	UI/Campaign UI/Effect_bundles/hunter_effect_icons_imperial_supplies.png	default	0
dummy_wh2_dlc13_wulfhart_supply_delay		default	0
dummy_wh2_dlc13_wulfhart_supply_enhance		default	0
dummy_wh2_dlc13_wulfhart_supply_instant		default	0
dummy_wh2_dlc13_wulfhart_wanted_level_increase		default	0
dummy_wh2_dlc14_malus_start_dilemma_keep_hag_graef	ui/campaign ui/effect_bundles/confederation.png	default	0
dummy_wh2_dlc14_malus_start_dilemma_lose_hag_graef	ui/campaign ui/effect_bundles/confederation.png	default	0
dummy_wh2_dlc14_obsinite_gyrocopter_unlock	ui/campaign ui/effect_bundles/hunter_effect_icons_imperial_supplies.png	default	0
dummy_wh2_dlc15_dragon_encounter_bargain	ui/campaign ui/effect_bundles/dragon_effect.png	default	0
dummy_wh2_dlc15_dragon_encounter_challenge	ui/campaign ui/effect_bundles/dragon_effect.png	default	0
dummy_wh2_dlc15_dragon_encounter_challenge_special	ui/campaign ui/effect_bundles/dragon_effect.png	default	0
dummy_wh2_dlc15_dragon_encounter_consult	ui/campaign ui/effect_bundles/dragon_effect.png	default	0
dummy_wh2_dlc15_dragon_encounter_leave	ui/campaign ui/effect_bundles/dragon_effect.png	default	0
dummy_wh2_dlc15_grn_waaagh_success_unit	ui/campaign ui/effect_bundles/waaagh_charge.png	positive	0
dummy_wh2_dlc15_grom_experience	ui/campaign ui/effect_bundles/experience.png	positive	0
dummy_wh2_dlc15_grom_random_food	ui/campaign ui/effect_bundles/random_food_ingredient.png	positive	0
dummy_wh2_dlc15_imrik_dragon_recruitment_black	ui/campaign ui/effect_bundles/imrik_dragon_special.png	default	0
dummy_wh2_dlc15_imrik_dragon_recruitment_forest	ui/campaign ui/effect_bundles/imrik_dragon_special.png	default	0
dummy_wh2_dlc15_imrik_dragon_recruitment_moon	ui/campaign ui/effect_bundles/imrik_dragon_special.png	default	0
dummy_wh2_dlc15_imrik_dragon_recruitment_star	ui/campaign ui/effect_bundles/imrik_dragon_special.png	default	0
dummy_wh2_dlc15_imrik_dragon_recruitment_sun	ui/campaign ui/effect_bundles/imrik_dragon_special.png	default	0
dummy_wh2_dlc16_drycha_potion_sacre_reward	ui/campaign ui/skills/trait_wood_elves.png	positive	0
dummy_wh2_dlc16_drycha_unlock_coeddil_reward	ui/campaign ui/effect_bundles/coeddil.png	default	0
dummy_wh2_dlc16_sisters_forge_craft_armour	UI/skins/default/equipment_items_armour_small.png	positive	0
dummy_wh2_dlc16_sisters_forge_craft_enchanted_item	UI/skins/default/equipment_items_enchanted_small.png	positive	0
dummy_wh2_dlc16_sisters_forge_craft_no_more_available	ui/campaign ui/effect_bundles/forge_of_daith.png	default	0
dummy_wh2_dlc16_sisters_forge_craft_talisman	UI/skins/default/equipment_items_talisman_small.png	positive	0
dummy_wh2_dlc16_sisters_forge_craft_weapon	UI/skins/default/equipment_items_weapon_small.png	positive	0
dummy_wh2_dlc16_sisters_forge_leave_without_action	UI/Campaign UI/Effect_bundles/vigour.png	default	0
dummy_wh2_dlc16_sisters_forge_leave_without_action_2	ui/campaign ui/effect_bundles/forge_of_daith.png	positive	0
dummy_wh2_dlc16_sisters_forge_lose_reforge_warning	UI/Campaign UI/Effect_bundles/turns.png	negative	0
dummy_wh2_dlc16_sisters_forge_reforge_duration_warning	UI/Campaign UI/Effect_bundles/turns.png	negative	0
dummy_wh2_dlc16_sisters_forge_reforge_duration_warning_skill_owned	UI/Campaign UI/Effect_bundles/turns.png	negative	0
dummy_wh2_dlc16_sisters_forge_reforge_level_warning	UI/Campaign UI/Effect_bundles/runesmith.png	default	0
dummy_wh2_dlc16_sisters_forge_restart_reforge_timer	UI/Campaign UI/Effect_bundles/turns.png	positive	0
dummy_wh2_dlc16_throt_unlock_ghoritch_reward	ui/campaign ui/agents/wh2_dlc16_skv_ghoritch.png	default	0
dummy_wh2_main_campaign_encounter	ui/campaign ui/effect_bundles/campaign_movement.png	positive	0
dummy_wh2_main_combat_encounter	ui/campaign ui/effect_bundles/army.png	positive	0
dummy_wh2_main_grn_gorks_waaagh	ui/campaign ui/effect_bundles/confederation.png	default	0
dummy_wh2_main_grn_morks_waaagh	ui/campaign ui/effect_bundles/confederation.png	default	0
dummy_wh2_main_incident_intercontinental_diplomacy	ui/campaign ui/effect_bundles/diplomacy.png	default	0
dummy_wh2_pro08_recruit	ui/campaign ui/effect_bundles/hunter_effect_icons_gotrek_felix.png	default	0
dummy_wh2_twa03_rakarth_beast_mastery_reward	ui/campaign ui/effect_bundles/rakarth.png	default	0
dummy_wh2_twa03_rakarth_black_ark_reward	UI\Campaign UI\Agents\wh2_main_def_black_ark.png	default	0
dummy_wh3_dlc20_dilemma_daemon_prince_ascension_ascend	ui/campaign ui/effect_bundles/agent.png	default	0
dummy_wh3_dlc20_dilemma_daemon_prince_ascension_do_nothing	ui/campaign ui/effect_bundles/icon_effects_army.png	default	0
dummy_wh3_dlc20_incident_daemon_prince_ascension	ui/campaign ui/effect_bundles/experience.png	default	0
dummy_wh3_dlc21_dilemma_nakai_pestilens_short_victory	ui/campaign ui/effect_bundles/army.png	default	0
dummy_wh3_dlc24_dilemma_yuan_bo_start_keep_shang_wu	ui/campaign ui/effect_bundles/confederation.png	default	0
dummy_wh3_dlc24_dilemma_yuan_bo_start_lose_shang-wu	ui/campaign ui/effect_bundles/confederation.png	default	0
dummy_wh3_dlc24_long_campaign_victory	ui/skins/default/stamp_mission_complete.png	positive	0
dummy_wh3_dlc24_mission_schemes_aekold_form	ui/campaign ui/effect_bundles/trait_tzeentch.png	default	0
dummy_wh3_dlc24_mission_schemes_badlands_grand_scripted	ui/campaign ui/effect_bundles/trait_tomb_kings.png	default	0
dummy_wh3_dlc24_mission_schemes_blue_scribes_form	ui/campaign ui/effect_bundles/trait_tzeentch.png	default	0
dummy_wh3_dlc24_mission_schemes_bretonnia_athel_loren_beastmen_rebels	ui/campaign ui/effect_bundles/trait_beastmen.png	default	0
dummy_wh3_dlc24_mission_schemes_bretonnia_grand_scripted	ui/campaign ui/effect_bundles/trait_bretonnia.png	default	0
dummy_wh3_dlc24_mission_schemes_chaos_wastes_grand_scripted	ui/campaign ui/effect_bundles/trait_tzeentch.png	default	0
dummy_wh3_dlc24_mission_schemes_darklands_grand_scripted	ui/campaign ui/effect_bundles/trait_chaos_dwarfs.png	default	0
dummy_wh3_dlc24_mission_schemes_ghoritch_form	ui/campaign ui/effect_bundles/trait_skaven.png	default	0
dummy_wh3_dlc24_mission_schemes_gorduz_form	ui/campaign ui/effect_bundles/trait_chaos_dwarfs.png	default	0
dummy_wh3_dlc24_mission_schemes_grand_cathay_grand_scripted	ui/campaign ui/effect_bundles/trait_norsca.png	default	0
dummy_wh3_dlc24_mission_schemes_grand_cathay_theatre_corruption_payload	ui/campaign ui/effect_bundles/corruption_tzeentch.png	default	0
dummy_wh3_dlc24_mission_schemes_grand_scheme_badlands_cathay	ui/campaign ui/effect_bundles/trait_vampire_counts.png	default	0
dummy_wh3_dlc24_mission_schemes_grand_scheme_badlands_lustria	ui/campaign ui/effect_bundles/trait_vampire_counts.png	default	0
dummy_wh3_dlc24_mission_schemes_grand_scheme_badlands_norsca	ui/campaign ui/effect_bundles/trait_vampire_counts.png	default	0
dummy_wh3_dlc24_mission_schemes_grand_scheme_badlands_the_empire	ui/campaign ui/effect_bundles/trait_vampire_counts.png	default	0
dummy_wh3_dlc24_mission_schemes_grand_scheme_cathay_ivory_road	ui/skins/default/icon_hidden_cultists.png	default	0
dummy_wh3_dlc24_mission_schemes_grand_scheme_cathay_kurgan_warband	ui/skins/default/icon_hidden_cultists.png	default	0
dummy_wh3_dlc24_mission_schemes_grand_scheme_cathay_sea_lanes	ui/skins/default/icon_hidden_cultists.png	default	0
dummy_wh3_dlc24_mission_schemes_grand_scheme_chaos_wastes_both	ui/campaign ui/effect_bundles/army.png	default	0
dummy_wh3_dlc24_mission_schemes_grand_scheme_chaos_wastes_cathay	ui/campaign ui/effect_bundles/army.png	default	0
dummy_wh3_dlc24_mission_schemes_grand_scheme_chaos_wastes_kislev	ui/campaign ui/effect_bundles/army.png	default	0
dummy_wh3_dlc24_mission_schemes_grand_scheme_naggaroth_bretonnia	ui/campaign ui/effect_bundles/army.png	default	0
dummy_wh3_dlc24_mission_schemes_grand_scheme_naggaroth_cathay	ui/campaign ui/effect_bundles/army.png	default	0
dummy_wh3_dlc24_mission_schemes_grand_scheme_naggaroth_darklands	ui/campaign ui/effect_bundles/army.png	default	0
dummy_wh3_dlc24_mission_schemes_grand_scheme_naggaroth_ulthuan	ui/campaign ui/effect_bundles/army.png	default	0
dummy_wh3_dlc24_mission_schemes_grand_scheme_norsca_cathay	ui/campaign ui/effect_bundles/trait_norsca.png	default	0
dummy_wh3_dlc24_mission_schemes_grand_scheme_norsca_ulthuan	ui/campaign ui/effect_bundles/trait_norsca.png	default	0
dummy_wh3_dlc24_mission_schemes_grand_scheme_the_empire_both	ui/skins/default/icon_hidden_cultists.png	default	0
dummy_wh3_dlc24_mission_schemes_grand_scheme_the_empire_darklands	ui/skins/default/icon_hidden_cultists.png	default	0
dummy_wh3_dlc24_mission_schemes_grand_scheme_the_empire_norsca	ui/skins/default/icon_hidden_cultists.png	default	0
dummy_wh3_dlc24_mission_schemes_green_knight_form	ui/campaign ui/effect_bundles/trait_bretonnia.png	default	0
dummy_wh3_dlc24_mission_schemes_hidden_cultist_payload	ui/skins/default/icon_hidden_cultists.png	default	0
dummy_wh3_dlc24_mission_schemes_kislev_all_forms_payload	ui/campaign ui/effect_bundles/trait_kislev.png	default	0
dummy_wh3_dlc24_mission_schemes_lord_kroak_form	ui/campaign ui/effect_bundles/trait_lizardmen.png	default	0
dummy_wh3_dlc24_mission_schemes_lustria_grand_scripted	ui/campaign ui/effect_bundles/trait_skaven.png	default	0
dummy_wh3_dlc24_mission_schemes_naggaroth_all_forms_payload	ui/campaign ui/effect_bundles/trait_dark_elves.png	default	0
dummy_wh3_dlc24_mission_schemes_naggaroth_scripted	ui/campaign ui/effect_bundles/trait_vampire_coast.png	default	0
dummy_wh3_dlc24_mission_schemes_naggaroth_witchwood_greenskins_payload	ui/campaign ui/effect_bundles/trait_greenskins.png	default	0
dummy_wh3_dlc24_mission_schemes_norsca_grand_scripted_ie	ui/campaign ui/effect_bundles/trait_norsca.png	default	0
dummy_wh3_dlc24_mission_schemes_norsca_grand_scripted_roc	ui/campaign ui/effect_bundles/trait_norsca.png	default	0
dummy_wh3_dlc24_mission_schemes_open_rift_payload	ui/campaign ui/effect_bundles/icon_rift_gems.png	default	0
dummy_wh3_dlc24_mission_schemes_quest_battle_complete	ui/campaign ui/effect_bundles/tzeentch_points.png	positive	0
dummy_wh3_dlc24_mission_schemes_reveal_shroud_payload	ui/campaign ui/effect_bundles/vision.png	default	0
dummy_wh3_dlc24_mission_schemes_rift_gem_payload	ui/skins/default/icon_rift_gems.png	default	0
dummy_wh3_dlc24_mission_schemes_the_empire_grand_scripted	ui/campaign ui/effect_bundles/trait_human.png	default	0
dummy_wh3_dlc24_mission_schemes_ulthuan_inner_ring_chaos_rebels	ui/campaign ui/effect_bundles/trait_chaos.png	default	0
dummy_wh3_dlc24_mission_schemes_ulthuan_scripted	ui/campaign ui/effect_bundles/trait_slaanesh.png	default	0
dummy_wh3_dlc24_mission_schemes_ulthuan_sword_of_khaine	ui/campaign ui/effect_bundles/dlc10_sword_of_khaine.png	default	0
dummy_wh3_dlc24_mission_schemes_ultimate_battle_bretonnia	ui/campaign ui/effect_bundles/trait_bretonnia.png	default	0
dummy_wh3_dlc24_mission_schemes_ultimate_battle_cathay	ui/campaign ui/effect_bundles/trait_cathay.png	default	0
dummy_wh3_dlc24_mission_schemes_ultimate_battle_chaos	ui/campaign ui/effect_bundles/trait_tzeentch.png	default	0
dummy_wh3_dlc24_mission_schemes_ultimate_battle_empire	ui/campaign ui/effect_bundles/trait_human.png	default	0
dummy_wh3_dlc24_mission_schemes_ultimate_battle_greenskins	ui/campaign ui/effect_bundles/trait_greenskins.png	default	0
dummy_wh3_dlc24_mission_schemes_ultimate_battle_high_elves	ui/campaign ui/effect_bundles/trait_high_elves.png	default	0
dummy_wh3_dlc24_mission_schemes_ultimate_battle_norsca	ui/campaign ui/effect_bundles/trait_norsca.png	default	0
dummy_wh3_dlc24_mission_schemes_ultimate_battle_skaven	ui/campaign ui/effect_bundles/trait_skaven.png	default	0
dummy_wh3_dlc24_mission_schemes_ultimate_battle_tomb_kings	ui/campaign ui/effect_bundles/trait_tomb_kings.png	default	0
dummy_wh3_dlc24_mission_schemes_ultimate_battle_vampire_coast	ui/campaign ui/effect_bundles/trait_vampire_coast.png	default	0
dummy_wh3_dlc24_mission_schemes_unlock_ror_feral_carnosaur	ui/campaign ui/effect_bundles/army.png	default	0
dummy_wh3_dlc24_mission_schemes_unlock_ror_frost_wyrm	ui/campaign ui/effect_bundles/army.png	default	0
dummy_wh3_dlc24_mission_schemes_unlock_ror_steam_tank	ui/campaign ui/effect_bundles/army.png	default	0
dummy_wh3_dlc24_mission_schemes_wulfrik_throgg_form	ui/campaign ui/effect_bundles/trait_norsca.png	default	0
dummy_wh3_dlc24_mother_ostankya_wh2_dlc11_cst_vampire_coast	ui/campaign ui/effect_bundles/attrition.png	positive	0
dummy_wh3_dlc24_mother_ostankya_wh2_main_skv_skaven	ui/campaign ui/effect_bundles/attrition.png	positive	0
dummy_wh3_dlc24_mother_ostankya_wh3_dlc23_chd_chaos_dwarfs	ui/campaign ui/effect_bundles/attrition.png	positive	0
dummy_wh3_dlc24_mother_ostankya_wh3_main_kho_khorne	ui/campaign ui/effect_bundles/attrition.png	positive	0
dummy_wh3_dlc24_mother_ostankya_wh3_main_nur_nurgle	ui/campaign ui/effect_bundles/attrition.png	positive	0
dummy_wh3_dlc24_mother_ostankya_wh3_main_sla_slaanesh	ui/campaign ui/effect_bundles/attrition.png	positive	0
dummy_wh3_dlc24_mother_ostankya_wh3_main_tze_tzeentch	ui/campaign ui/effect_bundles/attrition.png	positive	0
dummy_wh3_dlc24_mother_ostankya_wh_dlc03_bst_beastmen	ui/campaign ui/effect_bundles/attrition.png	positive	0
dummy_wh3_dlc24_mother_ostankya_wh_dlc08_nor_norsca	ui/campaign ui/effect_bundles/attrition.png	positive	0
dummy_wh3_dlc24_mother_ostankya_wh_main_chs_chaos	ui/campaign ui/effect_bundles/attrition.png	positive	0
dummy_wh3_dlc24_mother_ostankya_wh_main_vmp_vampire_counts	ui/campaign ui/effect_bundles/attrition.png	positive	0
dummy_wh3_dlc24_ostankya_start_dilemma_leave	ui/campaign ui/effect_bundles/confederation.png	default	-999
dummy_wh3_dlc24_ostankya_start_dilemma_stay	ui/campaign ui/effect_bundles/confederation.png	default	-999
dummy_wh3_dlc24_ostankya_start_dilemma_trinkets	UI/skins/default/equipment_items_enchanted_small.png	positive	999
dummy_wh3_dlc24_ostankya_start_dilemma_unlock	ui/campaign ui/effect_bundles/construction.png	default	999
dummy_wh3_dlc24_the_changeling_free_form	ui/campaign ui/effect_bundles/character.png	positive	0
dummy_wh3_dlc25_elspeth_narrative	ui/skins/default/stamp_mission_complete.png	default	0
dummy_wh3_main_ai_four_souls_forge_of_souls	ui/skins/default/icon_corruption_chs.png	positive	0
dummy_wh3_main_bundle_belakor_banished	UI/Flags/wh3_main_dae_belakor/mon_24.png	positive	0
dummy_wh3_main_dilemma_boris_unlock_first	UI/Flags/wh3_main_ksl_ursun_revivalists/mon_24.png	default	0
dummy_wh3_main_dilemma_boris_unlock_fourth	ui/campaign ui/effect_bundles/army.png	default	0
dummy_wh3_main_dilemma_boris_unlock_second	UI/Flags/wh3_main_ksl_ursun_revivalists/mon_24.png	default	0
dummy_wh3_main_dilemma_boris_unlock_third	UI/Flags/wh3_main_ksl_ursun_revivalists/mon_24.png	default	0
dummy_wh3_main_dilemma_cth_caravan_1A_first	UI/skins/default/icon_alert_message.png	default	0
dummy_wh3_main_dilemma_cth_caravan_1A_second	UI/skins/default/icon_alert_message.png	default	0
dummy_wh3_main_dilemma_cth_caravan_battle_1B_second	UI/skins/default/icon_alert_message.png	default	0
dummy_wh3_main_dilemma_exalted_greater_daemon_ask_again	ui/campaign ui/effect_bundles/turns.png	default	0
dummy_wh3_main_dilemma_exalted_greater_daemon_do_nothing	ui/campaign ui/effect_bundles/icon_effects_army.png	default	0
dummy_wh3_main_dilemma_exalted_greater_daemon_khorne	ui/campaign ui/effect_bundles/corruption_khorne.png	default	0
dummy_wh3_main_dilemma_exalted_greater_daemon_nurgle	ui/campaign ui/effect_bundles/corruption_nurgle.png	default	0
dummy_wh3_main_dilemma_exalted_greater_daemon_slaanesh	ui/campaign ui/effect_bundles/corruption_slaanesh.png	default	0
dummy_wh3_main_dilemma_exalted_greater_daemon_tzeentch	ui/campaign ui/effect_bundles/corruption_tzeentch.png	default	0
dummy_wh3_main_dilemma_forge_of_souls_entered	ui/skins/warhammer3/icon_rift_schematic.png	default	0
dummy_wh3_main_eltharion_start_dilemma_keep_yvresse	ui/campaign ui/effect_bundles/confederation.png	default	0
dummy_wh3_main_eltharion_start_dilemma_lose_yvresse	ui/campaign ui/effect_bundles/confederation.png	default	0
dummy_wh3_main_incident_cth_bastion_threat_decreases_kill	ui/campaign ui/effect_bundles/siege_attack.png	positive	0
dummy_wh3_main_incident_dae_feature_khorne	ui/campaign ui/effect_bundles/khorne_points.png	positive	0
dummy_wh3_main_incident_dae_feature_nurgle	ui/campaign ui/effect_bundles/nurgle_points.png	positive	0
dummy_wh3_main_incident_dae_feature_slaanesh	ui/campaign ui/effect_bundles/slaanesh_points.png	positive	0
dummy_wh3_main_incident_dae_feature_tzeentch	ui/campaign ui/effect_bundles/teleport.png	positive	0
dummy_wh3_main_incident_exalted_greater_daemon	ui/campaign ui/effect_bundles/experience.png	positive	0
dummy_wh3_main_incident_ogr_contracts_available	ui/campaign ui/effect_bundles/diplomacy.png	positive	0
dummy_wh3_main_khorne_realm_requirement	ui/skins/default/icon_corruption_kho.png	positive	0
dummy_wh3_main_leave_slaanesh_realm	ui/campaign ui/effect_bundles/icon_effects_army.png	default	99
dummy_wh3_main_nurgle_realm_requirement	ui/skins/default/icon_corruption_nur.png	positive	0
dummy_wh3_main_qb_ksl_katarin_boris_unlock	UI/Flags/wh3_main_ksl_ursun_revivalists/mon_24.png	default	0
dummy_wh3_main_realm_slaanesh_fifth_10	ui/campaign ui/effect_bundles/experience.png	positive	0
dummy_wh3_main_realm_slaanesh_fifth_15	ui/campaign ui/effect_bundles/experience.png	positive	0
dummy_wh3_main_realm_slaanesh_fifth_5	ui/campaign ui/effect_bundles/experience.png	positive	0
dummy_wh3_main_realm_slaanesh_fourth_4	ui/campaign ui/effect_bundles/experience.png	positive	0
dummy_wh3_main_realm_slaanesh_fourth_9	ui/campaign ui/effect_bundles/experience.png	positive	0
dummy_wh3_main_story_panel_ascension	ui/skins/default/stamp_mission_complete.png	negative	2
dummy_wh3_main_story_panel_ascension_close	ui/campaign ui/effect_bundles/turns.png	negative	1
dummy_wh3_main_story_panel_ascension_coming	ui/campaign ui/effect_bundles/turns.png	negative	1
dummy_wh3_main_story_panel_ascension_imminent	ui/campaign ui/effect_bundles/turns.png	negative	1
dummy_wh3_main_survival_forge_of_souls	ui/skins/default/stamp_mission_complete.png	positive	0
dummy_wh3_main_survival_khorne_1	ui/skins/default/icon_corruption_kho.png	positive	0
dummy_wh3_main_survival_khorne_2	ui/skins/default/icon_corruption_kho.png	positive	0
dummy_wh3_main_survival_khorne_3	ui/skins/default/icon_corruption_kho.png	positive	0
dummy_wh3_main_survival_khorne_4	ui/skins/default/icon_corruption_kho.png	positive	0
dummy_wh3_main_survival_nurgle_1	ui/skins/default/icon_corruption_nur.png	positive	0
dummy_wh3_main_survival_nurgle_2	ui/skins/default/icon_corruption_nur.png	positive	0
dummy_wh3_main_survival_nurgle_3	ui/skins/default/icon_corruption_nur.png	positive	0
dummy_wh3_main_survival_nurgle_4	ui/skins/default/icon_corruption_nur.png	positive	0
dummy_wh3_main_survival_slaanesh_1	ui/skins/default/icon_corruption_sla.png	positive	0
dummy_wh3_main_survival_slaanesh_2	ui/skins/default/icon_corruption_sla.png	positive	0
dummy_wh3_main_survival_slaanesh_3	ui/skins/default/icon_corruption_sla.png	positive	0
dummy_wh3_main_survival_slaanesh_4	ui/skins/default/icon_corruption_sla.png	positive	0
dummy_wh3_main_survival_tzeentch_1	ui/skins/default/icon_corruption_tze.png	positive	0
dummy_wh3_main_survival_tzeentch_2	ui/skins/default/icon_corruption_tze.png	positive	0
dummy_wh3_main_survival_tzeentch_3	ui/skins/default/icon_corruption_tze.png	positive	0
dummy_wh3_main_survival_tzeentch_4	ui/skins/default/icon_corruption_tze.png	positive	0
dummy_wh3_main_tzeentch_realm_powerful_reward	ui/skins/default/icon_question_mark.png	positive	0
dummy_wh3_main_tzeentch_realm_replenishment_dilemma_payload	ui/skins/default/icon_replenish.png	positive	3
dummy_wh3_main_tzeentch_realm_reveal_icon_pair	ui/campaign ui/effect_bundles/edict_dae_tzeentch.png	positive	0
dummy_wh3_main_units_replenished	ui/skins/default/icon_replenish.png	positive	0
dummy_wh3_mission_fail	ui/skins/default/stamp_mission_complete.png	negative	2
dummy_wh3_prologue_changer_of_the_ways_1		default	0
dummy_wh3_prologue_changer_of_the_ways_2		default	0
dummy_wh3_prologue_ice_maiden_actions		default	0
dummy_wh3_prologue_mission		default	0
dummy_wh3_prologue_mission_building_level		default	0
dummy_wh3_prologue_mission_capture_regions_mansion_of_eyes		default	0
dummy_wh3_prologue_mission_make_alliance		default	0
dummy_wh3_prologue_mission_retribution		default	0
dummy_wh3_prologue_mission_reveal		default	0
dummy_wh3_prologue_mission_riddles		default	0
dummy_wh3_prologue_trait	ui/campaign ui/skills/trait_personality.png	positive	0
dummy_wh3_prologue_trait_2	ui/campaign ui/skills/trait_personality.png	positive	0
dummy_wh3_prologue_tribute_1		default	0
dummy_wh3_prologue_tribute_2		default	0
dummy_wh_dlc03_moon_chance	ui/campaign ui/effect_bundles/icon_effects_army.png	default	2
dummy_wh_dlc03_moon_chance_none	ui/campaign ui/effect_bundles/icon_effects_army.png	default	2
dummy_wh_dlc04_vmp_vlad_von_carstein_the_carstein_ring_stage_2_3	ui/skins/wh_main_vmp_vampire_counts/icon_treasury.png	default	0
dummy_wh_main_dwf_thorgrim_grudgebearer_axe_of_grimnir_stage_1	ui/skins/default/icon_treasury.png	default	0
dummy_wh_main_dwf_thorgrim_grudgebearer_dragon_crown_of_karaz_stage_2.3	ui/skins/default/icon_treasury.png	default	0
dummy_wh_main_emp_karl_franz_ghal_maraz_stage_2	ui/skins/default/icon_treasury.png	default	0
dummy_wh_main_vmp_mannfred_von_carstein_sword_of_unholy_power_stage_2	ui/skins/wh_main_vmp_vampire_counts/icon_treasury.png	default	0
dummy_witchwood_heal	ui/campaign ui/effect_bundles/worldroots_health.png	default	0
faction_pooled_resource_transaction		positive_if_value_positive	1
faction_slaves_change	ui/skins/default/icon_slaves.png	positive_if_value_positive	0
favour_points_change	ui/skins/warhammer3/allegiance_points.png	positive	0
gain_ancillary		positive	0
gain_trait	ui/campaign ui/skills/trait_personality.png	default	0
give_region		default	0
gravitas_change		default	0
honour_change_negative		negative	0
honour_change_positive		positive	0
influence_change	ui/skins/default/icon_intrigue.png	positive_if_value_positive	-2
issue_mission		default	0
kill_character		negative	0
lose_ancillary		negative	0
lose_trait	ui/campaign ui/skills/trait_personality.png	default	0
loyalty_change	ui/skins/default/icon_fealty_high.png	positive_if_value_positive	0
malakai_dilemmas_continue	ui/campaign ui/effect_bundles/dwf_malakai_oaths_upgrades.png	default	99
malakai_dilemmas_end	ui/campaign ui/effect_bundles/dwf_malakai_oaths_upgrades.png	default	99
marriage_random		default	0
military_force_pooled_resource_transaction		positive_if_value_positive	0
party_power_change		default	0
province_slaves_change	ui/skins/default/icon_slaves.png	positive_if_value_positive	0
rebellion	ui/campaign ui/effect_bundles/corruption.png	negative	0
remove_unit		negative	0
spawn_agent	ui/campaign ui/effect_bundles/agent.png	positive	0
spawn_agent_home_region	ui/campaign ui/effect_bundles/agent.png	positive	0
spawn_agent_home_region_unknown		positive	0
spawn_unit		positive	0
spawn_unit_home_region		positive	0
treasury_change	ui/campaign ui/effect_bundles/treasury.png	positive_if_value_positive	-1
wound_character	ui/campaign ui/effect_bundles/wound_time.png	negative	0
