key	faction	allowed
#units_to_exclusive_faction_permissions_tables;0;db/units_to_exclusive_faction_permissions_tables/data__		
wh2_dlc09_tmb_mon_carrion_0	wh3_dlc27_nor_sayl	true
wh2_dlc09_tmb_mon_carrion_0	wh_dlc08_nor_norsca	true
wh2_dlc09_tmb_mon_carrion_0	wh_dlc08_nor_wintertooth	true
wh2_dlc10_def_cav_knights_of_the_ebon_claw_ror_0	wh2_main_def_cult_of_pleasure	true
wh2_dlc10_def_cav_knights_of_the_ebon_claw_ror_0	wh2_main_def_hag_graef	true
wh2_dlc10_def_cav_knights_of_the_ebon_claw_ror_0	wh2_main_def_har_ganeth	true
wh2_dlc10_def_cav_knights_of_the_ebon_claw_ror_0	wh2_main_def_naggarond	true
wh2_dlc10_def_cav_knights_of_the_ebon_claw_ror_0	wh2_twa03_def_rakarth	true
wh2_dlc10_def_cav_raven_heralds_ror_0	wh2_main_def_cult_of_pleasure	true
wh2_dlc10_def_cav_raven_heralds_ror_0	wh2_main_def_hag_graef	true
wh2_dlc10_def_cav_raven_heralds_ror_0	wh2_main_def_har_ganeth	true
wh2_dlc10_def_cav_raven_heralds_ror_0	wh2_main_def_naggarond	true
wh2_dlc10_def_cav_raven_heralds_ror_0	wh2_twa03_def_rakarth	true
wh2_dlc10_def_cav_slaanesh_harvesters_ror_0	wh2_main_def_cult_of_pleasure	true
wh2_dlc10_def_cav_slaanesh_harvesters_ror_0	wh2_main_def_hag_graef	true
wh2_dlc10_def_cav_slaanesh_harvesters_ror_0	wh2_main_def_har_ganeth	true
wh2_dlc10_def_cav_slaanesh_harvesters_ror_0	wh2_main_def_naggarond	true
wh2_dlc10_def_cav_slaanesh_harvesters_ror_0	wh2_twa03_def_rakarth	true
wh2_dlc10_def_inf_blades_of_the_blood_queen_ror_0	wh2_main_def_cult_of_pleasure	true
wh2_dlc10_def_inf_blades_of_the_blood_queen_ror_0	wh2_main_def_hag_graef	true
wh2_dlc10_def_inf_blades_of_the_blood_queen_ror_0	wh2_main_def_har_ganeth	true
wh2_dlc10_def_inf_blades_of_the_blood_queen_ror_0	wh2_main_def_naggarond	true
wh2_dlc10_def_inf_blades_of_the_blood_queen_ror_0	wh2_twa03_def_rakarth	true
wh2_dlc10_def_inf_sisters_of_the_singing_doom_ror_0	wh2_main_def_cult_of_pleasure	true
wh2_dlc10_def_inf_sisters_of_the_singing_doom_ror_0	wh2_main_def_hag_graef	true
wh2_dlc10_def_inf_sisters_of_the_singing_doom_ror_0	wh2_main_def_har_ganeth	true
wh2_dlc10_def_inf_sisters_of_the_singing_doom_ror_0	wh2_main_def_naggarond	true
wh2_dlc10_def_inf_sisters_of_the_singing_doom_ror_0	wh2_twa03_def_rakarth	true
wh2_dlc10_def_inf_the_bolt_fiends_ror_0	wh2_main_def_cult_of_pleasure	true
wh2_dlc10_def_inf_the_bolt_fiends_ror_0	wh2_main_def_hag_graef	true
wh2_dlc10_def_inf_the_bolt_fiends_ror_0	wh2_main_def_har_ganeth	true
wh2_dlc10_def_inf_the_bolt_fiends_ror_0	wh2_main_def_naggarond	true
wh2_dlc10_def_inf_the_bolt_fiends_ror_0	wh2_twa03_def_rakarth	true
wh2_dlc10_def_inf_the_hellebronai_ror_0	wh2_main_def_cult_of_pleasure	true
wh2_dlc10_def_inf_the_hellebronai_ror_0	wh2_main_def_hag_graef	true
wh2_dlc10_def_inf_the_hellebronai_ror_0	wh2_main_def_har_ganeth	true
wh2_dlc10_def_inf_the_hellebronai_ror_0	wh2_main_def_naggarond	true
wh2_dlc10_def_inf_the_hellebronai_ror_0	wh2_twa03_def_rakarth	true
wh2_dlc10_def_mon_chill_of_sontar_ror_0	wh2_main_def_cult_of_pleasure	true
wh2_dlc10_def_mon_chill_of_sontar_ror_0	wh2_main_def_hag_graef	true
wh2_dlc10_def_mon_chill_of_sontar_ror_0	wh2_main_def_har_ganeth	true
wh2_dlc10_def_mon_chill_of_sontar_ror_0	wh2_main_def_naggarond	true
wh2_dlc10_def_mon_chill_of_sontar_ror_0	wh2_twa03_def_rakarth	true
wh2_dlc10_def_mon_war_hydra_boss	wh3_dlc27_nor_sayl	true
wh2_dlc10_def_mon_war_hydra_boss	wh_dlc08_nor_norsca	true
wh2_dlc10_def_mon_war_hydra_boss	wh_dlc08_nor_wintertooth	true
wh2_dlc10_hef_cav_the_fireborn_ror_0	wh2_dlc15_hef_imrik	true
wh2_dlc10_hef_cav_the_fireborn_ror_0	wh2_main_hef_avelorn	true
wh2_dlc10_hef_cav_the_fireborn_ror_0	wh2_main_hef_eataine	true
wh2_dlc10_hef_cav_the_fireborn_ror_0	wh2_main_hef_nagarythe	true
wh2_dlc10_hef_cav_the_fireborn_ror_0	wh2_main_hef_order_of_loremasters	true
wh2_dlc10_hef_cav_the_fireborn_ror_0	wh2_main_hef_yvresse	true
wh2_dlc10_hef_cav_the_heralds_of_the_wind_ror_0	wh2_dlc15_hef_imrik	true
wh2_dlc10_hef_cav_the_heralds_of_the_wind_ror_0	wh2_main_hef_avelorn	true
wh2_dlc10_hef_cav_the_heralds_of_the_wind_ror_0	wh2_main_hef_eataine	true
wh2_dlc10_hef_cav_the_heralds_of_the_wind_ror_0	wh2_main_hef_nagarythe	true
wh2_dlc10_hef_cav_the_heralds_of_the_wind_ror_0	wh2_main_hef_order_of_loremasters	true
wh2_dlc10_hef_cav_the_heralds_of_the_wind_ror_0	wh2_main_hef_yvresse	true
wh2_dlc10_hef_inf_everqueens_court_guards_ror_0	wh2_dlc15_hef_imrik	true
wh2_dlc10_hef_inf_everqueens_court_guards_ror_0	wh2_main_hef_avelorn	true
wh2_dlc10_hef_inf_everqueens_court_guards_ror_0	wh2_main_hef_eataine	true
wh2_dlc10_hef_inf_everqueens_court_guards_ror_0	wh2_main_hef_nagarythe	true
wh2_dlc10_hef_inf_everqueens_court_guards_ror_0	wh2_main_hef_order_of_loremasters	true
wh2_dlc10_hef_inf_everqueens_court_guards_ror_0	wh2_main_hef_yvresse	true
wh2_dlc10_hef_inf_keepers_of_the_flame_ror_0	wh2_dlc15_hef_imrik	true
wh2_dlc10_hef_inf_keepers_of_the_flame_ror_0	wh2_main_hef_avelorn	true
wh2_dlc10_hef_inf_keepers_of_the_flame_ror_0	wh2_main_hef_eataine	true
wh2_dlc10_hef_inf_keepers_of_the_flame_ror_0	wh2_main_hef_nagarythe	true
wh2_dlc10_hef_inf_keepers_of_the_flame_ror_0	wh2_main_hef_order_of_loremasters	true
wh2_dlc10_hef_inf_keepers_of_the_flame_ror_0	wh2_main_hef_yvresse	true
wh2_dlc10_hef_inf_the_grey_ror_0	wh2_dlc15_hef_imrik	true
wh2_dlc10_hef_inf_the_grey_ror_0	wh2_main_hef_avelorn	true
wh2_dlc10_hef_inf_the_grey_ror_0	wh2_main_hef_eataine	true
wh2_dlc10_hef_inf_the_grey_ror_0	wh2_main_hef_nagarythe	true
wh2_dlc10_hef_inf_the_grey_ror_0	wh2_main_hef_order_of_loremasters	true
wh2_dlc10_hef_inf_the_grey_ror_0	wh2_main_hef_yvresse	true
wh2_dlc10_hef_inf_the_scions_of_mathlann_ror_0	wh2_dlc15_hef_imrik	true
wh2_dlc10_hef_inf_the_scions_of_mathlann_ror_0	wh2_main_hef_avelorn	true
wh2_dlc10_hef_inf_the_scions_of_mathlann_ror_0	wh2_main_hef_eataine	true
wh2_dlc10_hef_inf_the_scions_of_mathlann_ror_0	wh2_main_hef_nagarythe	true
wh2_dlc10_hef_inf_the_scions_of_mathlann_ror_0	wh2_main_hef_order_of_loremasters	true
wh2_dlc10_hef_inf_the_scions_of_mathlann_ror_0	wh2_main_hef_yvresse	true
wh2_dlc10_hef_inf_the_silverpelts_ror_0	wh2_dlc15_hef_imrik	true
wh2_dlc10_hef_inf_the_silverpelts_ror_0	wh2_main_hef_avelorn	true
wh2_dlc10_hef_inf_the_silverpelts_ror_0	wh2_main_hef_eataine	true
wh2_dlc10_hef_inf_the_silverpelts_ror_0	wh2_main_hef_nagarythe	true
wh2_dlc10_hef_inf_the_silverpelts_ror_0	wh2_main_hef_order_of_loremasters	true
wh2_dlc10_hef_inf_the_silverpelts_ror_0	wh2_main_hef_yvresse	true
wh2_dlc10_hef_inf_the_storm_riders_ror_0	wh2_dlc15_hef_imrik	true
wh2_dlc10_hef_inf_the_storm_riders_ror_0	wh2_main_hef_avelorn	true
wh2_dlc10_hef_inf_the_storm_riders_ror_0	wh2_main_hef_eataine	true
wh2_dlc10_hef_inf_the_storm_riders_ror_0	wh2_main_hef_nagarythe	true
wh2_dlc10_hef_inf_the_storm_riders_ror_0	wh2_main_hef_order_of_loremasters	true
wh2_dlc10_hef_inf_the_storm_riders_ror_0	wh2_main_hef_yvresse	true
wh2_dlc10_lzd_mon_carnosaur_boss	wh3_dlc27_nor_sayl	true
wh2_dlc10_lzd_mon_carnosaur_boss	wh_dlc08_nor_norsca	true
wh2_dlc10_lzd_mon_carnosaur_boss	wh_dlc08_nor_wintertooth	true
wh2_dlc10_nor_mon_phoenix_flamespyre_boss	wh3_dlc27_nor_sayl	true
wh2_dlc10_nor_mon_phoenix_flamespyre_boss	wh_dlc08_nor_norsca	true
wh2_dlc10_nor_mon_phoenix_flamespyre_boss	wh_dlc08_nor_wintertooth	true
wh2_dlc10_skv_mon_hell_pit_abomination_boss	wh3_dlc27_nor_sayl	true
wh2_dlc10_skv_mon_hell_pit_abomination_boss	wh_dlc08_nor_norsca	true
wh2_dlc10_skv_mon_hell_pit_abomination_boss	wh_dlc08_nor_wintertooth	true
wh2_dlc11_cst_mon_terrorgheist	wh3_dlc27_nor_sayl	true
wh2_dlc11_cst_mon_terrorgheist	wh_dlc08_nor_norsca	true
wh2_dlc11_cst_mon_terrorgheist	wh_dlc08_nor_wintertooth	true
wh2_dlc12_lzd_cav_cold_one_spearriders_ror_0	wh2_dlc12_lzd_cult_of_sotek	true
wh2_dlc12_lzd_cav_cold_one_spearriders_ror_0	wh2_dlc13_lzd_spirits_of_the_jungle	true
wh2_dlc12_lzd_cav_cold_one_spearriders_ror_0	wh2_dlc17_lzd_oxyotl	true
wh2_dlc12_lzd_cav_cold_one_spearriders_ror_0	wh2_main_lzd_hexoatl	true
wh2_dlc12_lzd_cav_cold_one_spearriders_ror_0	wh2_main_lzd_itza	true
wh2_dlc12_lzd_cav_cold_one_spearriders_ror_0	wh2_main_lzd_last_defenders	true
wh2_dlc12_lzd_cav_cold_one_spearriders_ror_0	wh2_main_lzd_tlaqua	true
wh2_dlc12_lzd_cav_ripperdactyl_riders_ror_0	wh2_dlc12_lzd_cult_of_sotek	true
wh2_dlc12_lzd_cav_ripperdactyl_riders_ror_0	wh2_dlc13_lzd_spirits_of_the_jungle	true
wh2_dlc12_lzd_cav_ripperdactyl_riders_ror_0	wh2_dlc17_lzd_oxyotl	true
wh2_dlc12_lzd_cav_ripperdactyl_riders_ror_0	wh2_main_lzd_hexoatl	true
wh2_dlc12_lzd_cav_ripperdactyl_riders_ror_0	wh2_main_lzd_itza	true
wh2_dlc12_lzd_cav_ripperdactyl_riders_ror_0	wh2_main_lzd_last_defenders	true
wh2_dlc12_lzd_cav_ripperdactyl_riders_ror_0	wh2_main_lzd_tlaqua	true
wh2_dlc12_lzd_cav_terradon_riders_ror_0	wh2_dlc12_lzd_cult_of_sotek	true
wh2_dlc12_lzd_cav_terradon_riders_ror_0	wh2_dlc13_lzd_spirits_of_the_jungle	true
wh2_dlc12_lzd_cav_terradon_riders_ror_0	wh2_dlc17_lzd_oxyotl	true
wh2_dlc12_lzd_cav_terradon_riders_ror_0	wh2_main_lzd_hexoatl	true
wh2_dlc12_lzd_cav_terradon_riders_ror_0	wh2_main_lzd_itza	true
wh2_dlc12_lzd_cav_terradon_riders_ror_0	wh2_main_lzd_last_defenders	true
wh2_dlc12_lzd_cav_terradon_riders_ror_0	wh2_main_lzd_tlaqua	true
wh2_dlc12_lzd_inf_saurus_warriors_ror_0	wh2_dlc12_lzd_cult_of_sotek	true
wh2_dlc12_lzd_inf_saurus_warriors_ror_0	wh2_dlc13_lzd_spirits_of_the_jungle	true
wh2_dlc12_lzd_inf_saurus_warriors_ror_0	wh2_dlc17_lzd_oxyotl	true
wh2_dlc12_lzd_inf_saurus_warriors_ror_0	wh2_main_lzd_hexoatl	true
wh2_dlc12_lzd_inf_saurus_warriors_ror_0	wh2_main_lzd_itza	true
wh2_dlc12_lzd_inf_saurus_warriors_ror_0	wh2_main_lzd_last_defenders	true
wh2_dlc12_lzd_inf_saurus_warriors_ror_0	wh2_main_lzd_tlaqua	true
wh2_dlc12_lzd_inf_skink_red_crested_ror_0	wh2_dlc12_lzd_cult_of_sotek	true
wh2_dlc12_lzd_inf_skink_red_crested_ror_0	wh2_dlc13_lzd_spirits_of_the_jungle	true
wh2_dlc12_lzd_inf_skink_red_crested_ror_0	wh2_dlc17_lzd_oxyotl	true
wh2_dlc12_lzd_inf_skink_red_crested_ror_0	wh2_main_lzd_hexoatl	true
wh2_dlc12_lzd_inf_skink_red_crested_ror_0	wh2_main_lzd_itza	true
wh2_dlc12_lzd_inf_skink_red_crested_ror_0	wh2_main_lzd_last_defenders	true
wh2_dlc12_lzd_inf_skink_red_crested_ror_0	wh2_main_lzd_tlaqua	true
wh2_dlc12_lzd_inf_temple_guards_ror_0	wh2_dlc12_lzd_cult_of_sotek	true
wh2_dlc12_lzd_inf_temple_guards_ror_0	wh2_dlc13_lzd_spirits_of_the_jungle	true
wh2_dlc12_lzd_inf_temple_guards_ror_0	wh2_dlc17_lzd_oxyotl	true
wh2_dlc12_lzd_inf_temple_guards_ror_0	wh2_main_lzd_hexoatl	true
wh2_dlc12_lzd_inf_temple_guards_ror_0	wh2_main_lzd_itza	true
wh2_dlc12_lzd_inf_temple_guards_ror_0	wh2_main_lzd_last_defenders	true
wh2_dlc12_lzd_inf_temple_guards_ror_0	wh2_main_lzd_tlaqua	true
wh2_dlc12_lzd_mon_ancient_stegadon_ror_0	wh2_dlc12_lzd_cult_of_sotek	true
wh2_dlc12_lzd_mon_ancient_stegadon_ror_0	wh2_dlc13_lzd_spirits_of_the_jungle	true
wh2_dlc12_lzd_mon_ancient_stegadon_ror_0	wh2_dlc17_lzd_oxyotl	true
wh2_dlc12_lzd_mon_ancient_stegadon_ror_0	wh2_main_lzd_hexoatl	true
wh2_dlc12_lzd_mon_ancient_stegadon_ror_0	wh2_main_lzd_itza	true
wh2_dlc12_lzd_mon_ancient_stegadon_ror_0	wh2_main_lzd_last_defenders	true
wh2_dlc12_lzd_mon_ancient_stegadon_ror_0	wh2_main_lzd_tlaqua	true
wh2_dlc12_lzd_mon_salamander_pack_ror_0	wh2_dlc12_lzd_cult_of_sotek	true
wh2_dlc12_lzd_mon_salamander_pack_ror_0	wh2_dlc13_lzd_spirits_of_the_jungle	true
wh2_dlc12_lzd_mon_salamander_pack_ror_0	wh2_dlc17_lzd_oxyotl	true
wh2_dlc12_lzd_mon_salamander_pack_ror_0	wh2_main_lzd_hexoatl	true
wh2_dlc12_lzd_mon_salamander_pack_ror_0	wh2_main_lzd_itza	true
wh2_dlc12_lzd_mon_salamander_pack_ror_0	wh2_main_lzd_last_defenders	true
wh2_dlc12_lzd_mon_salamander_pack_ror_0	wh2_main_lzd_tlaqua	true
wh2_dlc12_skv_art_warp_lightning_cannon_ror_0	wh2_dlc09_skv_clan_rictus	true
wh2_dlc12_skv_art_warp_lightning_cannon_ror_0	wh2_main_skv_clan_eshin	true
wh2_dlc12_skv_art_warp_lightning_cannon_ror_0	wh2_main_skv_clan_mors	true
wh2_dlc12_skv_art_warp_lightning_cannon_ror_0	wh2_main_skv_clan_moulder	true
wh2_dlc12_skv_art_warp_lightning_cannon_ror_0	wh2_main_skv_clan_pestilens	true
wh2_dlc12_skv_art_warp_lightning_cannon_ror_0	wh2_main_skv_clan_skryre	true
wh2_dlc12_skv_inf_clanrats_ror_0	wh2_dlc09_skv_clan_rictus	true
wh2_dlc12_skv_inf_clanrats_ror_0	wh2_main_skv_clan_eshin	true
wh2_dlc12_skv_inf_clanrats_ror_0	wh2_main_skv_clan_mors	true
wh2_dlc12_skv_inf_clanrats_ror_0	wh2_main_skv_clan_moulder	true
wh2_dlc12_skv_inf_clanrats_ror_0	wh2_main_skv_clan_pestilens	true
wh2_dlc12_skv_inf_clanrats_ror_0	wh2_main_skv_clan_skryre	true
wh2_dlc12_skv_inf_plague_monk_censer_bearer_ror_0	wh2_dlc09_skv_clan_rictus	true
wh2_dlc12_skv_inf_plague_monk_censer_bearer_ror_0	wh2_main_skv_clan_eshin	true
wh2_dlc12_skv_inf_plague_monk_censer_bearer_ror_0	wh2_main_skv_clan_mors	true
wh2_dlc12_skv_inf_plague_monk_censer_bearer_ror_0	wh2_main_skv_clan_moulder	true
wh2_dlc12_skv_inf_plague_monk_censer_bearer_ror_0	wh2_main_skv_clan_pestilens	true
wh2_dlc12_skv_inf_plague_monk_censer_bearer_ror_0	wh2_main_skv_clan_skryre	true
wh2_dlc12_skv_inf_ratling_gun_ror_0	wh2_dlc09_skv_clan_rictus	true
wh2_dlc12_skv_inf_ratling_gun_ror_0	wh2_main_skv_clan_eshin	true
wh2_dlc12_skv_inf_ratling_gun_ror_0	wh2_main_skv_clan_mors	true
wh2_dlc12_skv_inf_ratling_gun_ror_0	wh2_main_skv_clan_moulder	true
wh2_dlc12_skv_inf_ratling_gun_ror_0	wh2_main_skv_clan_pestilens	true
wh2_dlc12_skv_inf_ratling_gun_ror_0	wh2_main_skv_clan_skryre	true
wh2_dlc12_skv_inf_stormvermin_ror_0	wh2_dlc09_skv_clan_rictus	true
wh2_dlc12_skv_inf_stormvermin_ror_0	wh2_main_skv_clan_eshin	true
wh2_dlc12_skv_inf_stormvermin_ror_0	wh2_main_skv_clan_mors	true
wh2_dlc12_skv_inf_stormvermin_ror_0	wh2_main_skv_clan_moulder	true
wh2_dlc12_skv_inf_stormvermin_ror_0	wh2_main_skv_clan_pestilens	true
wh2_dlc12_skv_inf_stormvermin_ror_0	wh2_main_skv_clan_skryre	true
wh2_dlc12_skv_inf_warplock_jezzails_ror_0	wh2_dlc09_skv_clan_rictus	true
wh2_dlc12_skv_inf_warplock_jezzails_ror_0	wh2_main_skv_clan_eshin	true
wh2_dlc12_skv_inf_warplock_jezzails_ror_0	wh2_main_skv_clan_mors	true
wh2_dlc12_skv_inf_warplock_jezzails_ror_0	wh2_main_skv_clan_moulder	true
wh2_dlc12_skv_inf_warplock_jezzails_ror_0	wh2_main_skv_clan_pestilens	true
wh2_dlc12_skv_inf_warplock_jezzails_ror_0	wh2_main_skv_clan_skryre	true
wh2_dlc12_skv_veh_doom_flayer_ror_0	wh2_dlc09_skv_clan_rictus	true
wh2_dlc12_skv_veh_doom_flayer_ror_0	wh2_main_skv_clan_eshin	true
wh2_dlc12_skv_veh_doom_flayer_ror_0	wh2_main_skv_clan_mors	true
wh2_dlc12_skv_veh_doom_flayer_ror_0	wh2_main_skv_clan_moulder	true
wh2_dlc12_skv_veh_doom_flayer_ror_0	wh2_main_skv_clan_pestilens	true
wh2_dlc12_skv_veh_doom_flayer_ror_0	wh2_main_skv_clan_skryre	true
wh2_dlc12_skv_veh_doomwheel_ror_0	wh2_dlc09_skv_clan_rictus	true
wh2_dlc12_skv_veh_doomwheel_ror_0	wh2_main_skv_clan_eshin	true
wh2_dlc12_skv_veh_doomwheel_ror_0	wh2_main_skv_clan_mors	true
wh2_dlc12_skv_veh_doomwheel_ror_0	wh2_main_skv_clan_moulder	true
wh2_dlc12_skv_veh_doomwheel_ror_0	wh2_main_skv_clan_pestilens	true
wh2_dlc12_skv_veh_doomwheel_ror_0	wh2_main_skv_clan_skryre	true
wh2_dlc13_emp_art_great_cannon_imperial_supply	wh2_dlc13_emp_the_huntmarshals_expedition	true
wh2_dlc13_emp_art_helblaster_volley_gun_imperial_supply	wh2_dlc13_emp_the_huntmarshals_expedition	true
wh2_dlc13_emp_art_helstorm_rocket_battery_imperial_supply	wh2_dlc13_emp_the_huntmarshals_expedition	true
wh2_dlc13_emp_art_mortar_ror_0	wh2_dlc13_emp_golden_order	true
wh2_dlc13_emp_art_mortar_ror_0	wh2_dlc13_emp_the_huntmarshals_expedition	true
wh2_dlc13_emp_art_mortar_ror_0	wh3_main_emp_cult_of_sigmar	true
wh2_dlc13_emp_art_mortar_ror_0	wh_main_emp_empire	true
wh2_dlc13_emp_art_mortar_ror_0	wh_main_emp_wissenland	true
wh2_dlc13_emp_cav_demigryph_knights_0_imperial_supply	wh2_dlc13_emp_the_huntmarshals_expedition	true
wh2_dlc13_emp_cav_demigryph_knights_1_imperial_supply	wh2_dlc13_emp_the_huntmarshals_expedition	true
wh2_dlc13_emp_cav_empire_knights_imperial_supply	wh2_dlc13_emp_the_huntmarshals_expedition	true
wh2_dlc13_emp_cav_empire_knights_ror_0	wh2_dlc13_emp_golden_order	true
wh2_dlc13_emp_cav_empire_knights_ror_0	wh2_dlc13_emp_the_huntmarshals_expedition	true
wh2_dlc13_emp_cav_empire_knights_ror_0	wh3_main_emp_cult_of_sigmar	true
wh2_dlc13_emp_cav_empire_knights_ror_0	wh_main_emp_empire	true
wh2_dlc13_emp_cav_empire_knights_ror_0	wh_main_emp_wissenland	true
wh2_dlc13_emp_cav_empire_knights_ror_1	wh2_dlc13_emp_golden_order	true
wh2_dlc13_emp_cav_empire_knights_ror_1	wh2_dlc13_emp_the_huntmarshals_expedition	true
wh2_dlc13_emp_cav_empire_knights_ror_1	wh3_main_emp_cult_of_sigmar	true
wh2_dlc13_emp_cav_empire_knights_ror_1	wh_main_emp_empire	true
wh2_dlc13_emp_cav_empire_knights_ror_1	wh_main_emp_wissenland	true
wh2_dlc13_emp_cav_empire_knights_ror_2	wh2_dlc13_emp_golden_order	true
wh2_dlc13_emp_cav_empire_knights_ror_2	wh2_dlc13_emp_the_huntmarshals_expedition	true
wh2_dlc13_emp_cav_empire_knights_ror_2	wh3_main_emp_cult_of_sigmar	true
wh2_dlc13_emp_cav_empire_knights_ror_2	wh_main_emp_empire	true
wh2_dlc13_emp_cav_empire_knights_ror_2	wh_main_emp_wissenland	true
wh2_dlc13_emp_cav_outriders_1_imperial_supply	wh2_dlc13_emp_the_huntmarshals_expedition	true
wh2_dlc13_emp_cav_outriders_ror_0	wh2_dlc13_emp_golden_order	true
wh2_dlc13_emp_cav_outriders_ror_0	wh2_dlc13_emp_the_huntmarshals_expedition	true
wh2_dlc13_emp_cav_outriders_ror_0	wh3_main_emp_cult_of_sigmar	true
wh2_dlc13_emp_cav_outriders_ror_0	wh_main_emp_empire	true
wh2_dlc13_emp_cav_outriders_ror_0	wh_main_emp_wissenland	true
wh2_dlc13_emp_cav_pistoliers_1_imperial_supply	wh2_dlc13_emp_the_huntmarshals_expedition	true
wh2_dlc13_emp_cav_pistoliers_ror_0	wh2_dlc13_emp_golden_order	true
wh2_dlc13_emp_cav_pistoliers_ror_0	wh2_dlc13_emp_the_huntmarshals_expedition	true
wh2_dlc13_emp_cav_pistoliers_ror_0	wh3_main_emp_cult_of_sigmar	true
wh2_dlc13_emp_cav_pistoliers_ror_0	wh_main_emp_empire	true
wh2_dlc13_emp_cav_pistoliers_ror_0	wh_main_emp_wissenland	true
wh2_dlc13_emp_cav_reiksguard_imperial_supply	wh2_dlc13_emp_the_huntmarshals_expedition	true
wh2_dlc13_emp_cha_hunter_doctor_hertwig_van_hal_0	wh2_dlc13_emp_the_huntmarshals_expedition	true
wh2_dlc13_emp_cha_hunter_jorek_grimm_0	wh2_dlc13_emp_the_huntmarshals_expedition	true
wh2_dlc13_emp_cha_hunter_kalara_of_wydrioth_0	wh2_dlc13_emp_the_huntmarshals_expedition	true
wh2_dlc13_emp_cha_hunter_rodrik_l_anguille_0	wh2_dlc13_emp_the_huntmarshals_expedition	true
wh2_dlc13_emp_inf_archers_ror_0	wh2_dlc13_emp_golden_order	true
wh2_dlc13_emp_inf_archers_ror_0	wh2_dlc13_emp_the_huntmarshals_expedition	true
wh2_dlc13_emp_inf_archers_ror_0	wh3_main_emp_cult_of_sigmar	true
wh2_dlc13_emp_inf_archers_ror_0	wh_main_emp_empire	true
wh2_dlc13_emp_inf_archers_ror_0	wh_main_emp_wissenland	true
wh2_dlc13_emp_inf_crossbowmen_ror_0	wh2_dlc13_emp_golden_order	true
wh2_dlc13_emp_inf_crossbowmen_ror_0	wh2_dlc13_emp_the_huntmarshals_expedition	true
wh2_dlc13_emp_inf_crossbowmen_ror_0	wh3_main_emp_cult_of_sigmar	true
wh2_dlc13_emp_inf_crossbowmen_ror_0	wh_main_emp_empire	true
wh2_dlc13_emp_inf_crossbowmen_ror_0	wh_main_emp_wissenland	true
wh2_dlc13_emp_inf_greatswords_imperial_supply	wh2_dlc13_emp_the_huntmarshals_expedition	true
wh2_dlc13_emp_inf_greatswords_ror_0	wh2_dlc13_emp_golden_order	true
wh2_dlc13_emp_inf_greatswords_ror_0	wh2_dlc13_emp_the_huntmarshals_expedition	true
wh2_dlc13_emp_inf_greatswords_ror_0	wh3_main_emp_cult_of_sigmar	true
wh2_dlc13_emp_inf_greatswords_ror_0	wh_main_emp_empire	true
wh2_dlc13_emp_inf_greatswords_ror_0	wh_main_emp_wissenland	true
wh2_dlc13_emp_inf_halberdiers_imperial_supply	wh2_dlc13_emp_the_huntmarshals_expedition	true
wh2_dlc13_emp_inf_halberdiers_ror_0	wh2_dlc13_emp_golden_order	true
wh2_dlc13_emp_inf_halberdiers_ror_0	wh2_dlc13_emp_the_huntmarshals_expedition	true
wh2_dlc13_emp_inf_halberdiers_ror_0	wh3_main_emp_cult_of_sigmar	true
wh2_dlc13_emp_inf_halberdiers_ror_0	wh_main_emp_empire	true
wh2_dlc13_emp_inf_halberdiers_ror_0	wh_main_emp_wissenland	true
wh2_dlc13_emp_inf_handgunners_imperial_supply	wh2_dlc13_emp_the_huntmarshals_expedition	true
wh2_dlc13_emp_inf_handgunners_ror_0	wh2_dlc13_emp_golden_order	true
wh2_dlc13_emp_inf_handgunners_ror_0	wh2_dlc13_emp_the_huntmarshals_expedition	true
wh2_dlc13_emp_inf_handgunners_ror_0	wh3_main_emp_cult_of_sigmar	true
wh2_dlc13_emp_inf_handgunners_ror_0	wh_main_emp_empire	true
wh2_dlc13_emp_inf_handgunners_ror_0	wh_main_emp_wissenland	true
wh2_dlc13_emp_inf_huntsmen_ror_0	wh2_dlc13_emp_golden_order	true
wh2_dlc13_emp_inf_huntsmen_ror_0	wh2_dlc13_emp_the_huntmarshals_expedition	true
wh2_dlc13_emp_inf_huntsmen_ror_0	wh3_main_emp_cult_of_sigmar	true
wh2_dlc13_emp_inf_huntsmen_ror_0	wh_main_emp_empire	true
wh2_dlc13_emp_inf_huntsmen_ror_0	wh_main_emp_wissenland	true
wh2_dlc13_emp_inf_spearmen_ror_0	wh2_dlc13_emp_golden_order	true
wh2_dlc13_emp_inf_spearmen_ror_0	wh2_dlc13_emp_the_huntmarshals_expedition	true
wh2_dlc13_emp_inf_spearmen_ror_0	wh3_main_emp_cult_of_sigmar	true
wh2_dlc13_emp_inf_spearmen_ror_0	wh_main_emp_empire	true
wh2_dlc13_emp_inf_spearmen_ror_0	wh_main_emp_wissenland	true
wh2_dlc13_emp_inf_swordsmen_ror_0	wh2_dlc13_emp_golden_order	true
wh2_dlc13_emp_inf_swordsmen_ror_0	wh2_dlc13_emp_the_huntmarshals_expedition	true
wh2_dlc13_emp_inf_swordsmen_ror_0	wh3_main_emp_cult_of_sigmar	true
wh2_dlc13_emp_inf_swordsmen_ror_0	wh_main_emp_empire	true
wh2_dlc13_emp_inf_swordsmen_ror_0	wh_main_emp_wissenland	true
wh2_dlc13_emp_veh_luminark_of_hysh_0_imperial_supply	wh2_dlc13_emp_the_huntmarshals_expedition	true
wh2_dlc13_emp_veh_steam_tank_imperial_supply	wh2_dlc13_emp_the_huntmarshals_expedition	true
wh2_dlc13_emp_veh_steam_tank_ror_0	wh2_dlc13_emp_golden_order	true
wh2_dlc13_emp_veh_steam_tank_ror_0	wh2_dlc13_emp_the_huntmarshals_expedition	true
wh2_dlc13_emp_veh_steam_tank_ror_0	wh3_main_emp_cult_of_sigmar	true
wh2_dlc13_emp_veh_steam_tank_ror_0	wh_main_emp_empire	true
wh2_dlc13_emp_veh_steam_tank_ror_0	wh_main_emp_wissenland	true
wh2_dlc13_emp_veh_war_wagon_0_imperial_supply	wh2_dlc13_emp_the_huntmarshals_expedition	true
wh2_dlc13_emp_veh_war_wagon_1_imperial_supply	wh2_dlc13_emp_the_huntmarshals_expedition	true
wh2_dlc13_emp_veh_war_wagon_ror_0	wh2_dlc13_emp_golden_order	true
wh2_dlc13_emp_veh_war_wagon_ror_0	wh2_dlc13_emp_the_huntmarshals_expedition	true
wh2_dlc13_emp_veh_war_wagon_ror_0	wh3_main_emp_cult_of_sigmar	true
wh2_dlc13_emp_veh_war_wagon_ror_0	wh_main_emp_empire	true
wh2_dlc13_emp_veh_war_wagon_ror_0	wh_main_emp_wissenland	true
wh2_dlc13_huntmarshall_veh_obsinite_gyrocopter_0	wh2_dlc13_emp_the_huntmarshals_expedition	true
wh2_dlc13_lzd_mon_dread_saurian_ror_0	wh2_dlc12_lzd_cult_of_sotek	true
wh2_dlc13_lzd_mon_dread_saurian_ror_0	wh2_dlc13_lzd_spirits_of_the_jungle	true
wh2_dlc13_lzd_mon_dread_saurian_ror_0	wh2_dlc17_lzd_oxyotl	true
wh2_dlc13_lzd_mon_dread_saurian_ror_0	wh2_main_lzd_hexoatl	true
wh2_dlc13_lzd_mon_dread_saurian_ror_0	wh2_main_lzd_itza	true
wh2_dlc13_lzd_mon_dread_saurian_ror_0	wh2_main_lzd_last_defenders	true
wh2_dlc13_lzd_mon_dread_saurian_ror_0	wh2_main_lzd_tlaqua	true
wh2_dlc13_lzd_mon_razordon_pack_ror_0	wh2_dlc12_lzd_cult_of_sotek	true
wh2_dlc13_lzd_mon_razordon_pack_ror_0	wh2_dlc13_lzd_spirits_of_the_jungle	true
wh2_dlc13_lzd_mon_razordon_pack_ror_0	wh2_dlc17_lzd_oxyotl	true
wh2_dlc13_lzd_mon_razordon_pack_ror_0	wh2_main_lzd_hexoatl	true
wh2_dlc13_lzd_mon_razordon_pack_ror_0	wh2_main_lzd_itza	true
wh2_dlc13_lzd_mon_razordon_pack_ror_0	wh2_main_lzd_last_defenders	true
wh2_dlc13_lzd_mon_razordon_pack_ror_0	wh2_main_lzd_tlaqua	true
wh2_dlc13_lzd_mon_sacred_kroxigors_ror_0	wh2_dlc12_lzd_cult_of_sotek	true
wh2_dlc13_lzd_mon_sacred_kroxigors_ror_0	wh2_dlc13_lzd_spirits_of_the_jungle	true
wh2_dlc13_lzd_mon_sacred_kroxigors_ror_0	wh2_dlc17_lzd_oxyotl	true
wh2_dlc13_lzd_mon_sacred_kroxigors_ror_0	wh2_main_lzd_hexoatl	true
wh2_dlc13_lzd_mon_sacred_kroxigors_ror_0	wh2_main_lzd_itza	true
wh2_dlc13_lzd_mon_sacred_kroxigors_ror_0	wh2_main_lzd_last_defenders	true
wh2_dlc13_lzd_mon_sacred_kroxigors_ror_0	wh2_main_lzd_tlaqua	true
wh2_dlc14_def_cav_scourgerunner_chariot_ror_0	wh2_main_def_cult_of_pleasure	true
wh2_dlc14_def_cav_scourgerunner_chariot_ror_0	wh2_main_def_hag_graef	true
wh2_dlc14_def_cav_scourgerunner_chariot_ror_0	wh2_main_def_har_ganeth	true
wh2_dlc14_def_cav_scourgerunner_chariot_ror_0	wh2_main_def_naggarond	true
wh2_dlc14_def_cav_scourgerunner_chariot_ror_0	wh2_twa03_def_rakarth	true
wh2_dlc14_def_inf_harpies_ror_0	wh2_main_def_cult_of_pleasure	true
wh2_dlc14_def_inf_harpies_ror_0	wh2_main_def_hag_graef	true
wh2_dlc14_def_inf_harpies_ror_0	wh2_main_def_har_ganeth	true
wh2_dlc14_def_inf_harpies_ror_0	wh2_main_def_naggarond	true
wh2_dlc14_def_inf_harpies_ror_0	wh2_twa03_def_rakarth	true
wh2_dlc14_def_mon_bloodwrack_medusa_ror_0	wh2_main_def_cult_of_pleasure	true
wh2_dlc14_def_mon_bloodwrack_medusa_ror_0	wh2_main_def_hag_graef	true
wh2_dlc14_def_mon_bloodwrack_medusa_ror_0	wh2_main_def_har_ganeth	true
wh2_dlc14_def_mon_bloodwrack_medusa_ror_0	wh2_main_def_naggarond	true
wh2_dlc14_def_mon_bloodwrack_medusa_ror_0	wh2_twa03_def_rakarth	true
wh2_dlc14_skv_inf_death_runners_ror_0	wh2_dlc09_skv_clan_rictus	true
wh2_dlc14_skv_inf_death_runners_ror_0	wh2_main_skv_clan_eshin	true
wh2_dlc14_skv_inf_death_runners_ror_0	wh2_main_skv_clan_mors	true
wh2_dlc14_skv_inf_death_runners_ror_0	wh2_main_skv_clan_moulder	true
wh2_dlc14_skv_inf_death_runners_ror_0	wh2_main_skv_clan_pestilens	true
wh2_dlc14_skv_inf_death_runners_ror_0	wh2_main_skv_clan_skryre	true
wh2_dlc14_skv_inf_eshin_triads_ror_0	wh2_dlc09_skv_clan_rictus	true
wh2_dlc14_skv_inf_eshin_triads_ror_0	wh2_main_skv_clan_eshin	true
wh2_dlc14_skv_inf_eshin_triads_ror_0	wh2_main_skv_clan_mors	true
wh2_dlc14_skv_inf_eshin_triads_ror_0	wh2_main_skv_clan_moulder	true
wh2_dlc14_skv_inf_eshin_triads_ror_0	wh2_main_skv_clan_pestilens	true
wh2_dlc14_skv_inf_eshin_triads_ror_0	wh2_main_skv_clan_skryre	true
wh2_dlc14_skv_inf_poison_wind_mortar_ror_0	wh2_dlc09_skv_clan_rictus	true
wh2_dlc14_skv_inf_poison_wind_mortar_ror_0	wh2_main_skv_clan_eshin	true
wh2_dlc14_skv_inf_poison_wind_mortar_ror_0	wh2_main_skv_clan_mors	true
wh2_dlc14_skv_inf_poison_wind_mortar_ror_0	wh2_main_skv_clan_moulder	true
wh2_dlc14_skv_inf_poison_wind_mortar_ror_0	wh2_main_skv_clan_pestilens	true
wh2_dlc14_skv_inf_poison_wind_mortar_ror_0	wh2_main_skv_clan_skryre	true
wh2_dlc15_grn_mon_river_trolls_0	wh_dlc08_nor_wintertooth	true
wh2_dlc15_grn_mon_river_trolls_ror_0	wh2_dlc15_grn_bonerattlaz	true
wh2_dlc15_grn_mon_river_trolls_ror_0	wh2_dlc15_grn_broken_axe	true
wh2_dlc15_grn_mon_river_trolls_ror_0	wh3_dlc26_grn_gorbad_ironclaw	true
wh2_dlc15_grn_mon_river_trolls_ror_0	wh_main_grn_crooked_moon	true
wh2_dlc15_grn_mon_river_trolls_ror_0	wh_main_grn_greenskins	true
wh2_dlc15_grn_mon_river_trolls_ror_0	wh_main_grn_orcs_of_the_bloody_hand	true
wh2_dlc15_grn_mon_rogue_idol_ror_0	wh2_dlc15_grn_bonerattlaz	true
wh2_dlc15_grn_mon_rogue_idol_ror_0	wh2_dlc15_grn_broken_axe	true
wh2_dlc15_grn_mon_rogue_idol_ror_0	wh3_dlc26_grn_gorbad_ironclaw	true
wh2_dlc15_grn_mon_rogue_idol_ror_0	wh_main_grn_crooked_moon	true
wh2_dlc15_grn_mon_rogue_idol_ror_0	wh_main_grn_greenskins	true
wh2_dlc15_grn_mon_rogue_idol_ror_0	wh_main_grn_orcs_of_the_bloody_hand	true
wh2_dlc15_grn_mon_stone_trolls_0	wh_dlc08_nor_wintertooth	true
wh2_dlc15_grn_veh_snotling_pump_wagon_ror_0	wh2_dlc15_grn_bonerattlaz	true
wh2_dlc15_grn_veh_snotling_pump_wagon_ror_0	wh2_dlc15_grn_broken_axe	true
wh2_dlc15_grn_veh_snotling_pump_wagon_ror_0	wh3_dlc26_grn_gorbad_ironclaw	true
wh2_dlc15_grn_veh_snotling_pump_wagon_ror_0	wh_main_grn_crooked_moon	true
wh2_dlc15_grn_veh_snotling_pump_wagon_ror_0	wh_main_grn_greenskins	true
wh2_dlc15_grn_veh_snotling_pump_wagon_ror_0	wh_main_grn_orcs_of_the_bloody_hand	true
wh2_dlc15_hef_inf_archers_ror_0	wh2_dlc15_hef_imrik	true
wh2_dlc15_hef_inf_archers_ror_0	wh2_main_hef_avelorn	true
wh2_dlc15_hef_inf_archers_ror_0	wh2_main_hef_eataine	true
wh2_dlc15_hef_inf_archers_ror_0	wh2_main_hef_nagarythe	true
wh2_dlc15_hef_inf_archers_ror_0	wh2_main_hef_order_of_loremasters	true
wh2_dlc15_hef_inf_archers_ror_0	wh2_main_hef_yvresse	true
wh2_dlc15_hef_mon_arcane_phoenix_ror_0	wh2_dlc15_hef_imrik	true
wh2_dlc15_hef_mon_arcane_phoenix_ror_0	wh2_main_hef_avelorn	true
wh2_dlc15_hef_mon_arcane_phoenix_ror_0	wh2_main_hef_eataine	true
wh2_dlc15_hef_mon_arcane_phoenix_ror_0	wh2_main_hef_nagarythe	true
wh2_dlc15_hef_mon_arcane_phoenix_ror_0	wh2_main_hef_order_of_loremasters	true
wh2_dlc15_hef_mon_arcane_phoenix_ror_0	wh2_main_hef_yvresse	true
wh2_dlc15_hef_mon_black_dragon_imrik	wh2_dlc15_hef_imrik	true
wh2_dlc15_hef_mon_forest_dragon_0	wh3_dlc27_nor_sayl	true
wh2_dlc15_hef_mon_forest_dragon_0	wh_dlc08_nor_norsca	true
wh2_dlc15_hef_mon_forest_dragon_0	wh_dlc08_nor_wintertooth	true
wh2_dlc15_hef_mon_forest_dragon_imrik	wh2_dlc15_hef_imrik	true
wh2_dlc15_hef_mon_moon_dragon_imrik	wh2_dlc15_hef_imrik	true
wh2_dlc15_hef_mon_star_dragon_imrik	wh2_dlc15_hef_imrik	true
wh2_dlc15_hef_mon_sun_dragon_imrik	wh2_dlc15_hef_imrik	true
wh2_dlc15_hef_mon_war_lions_of_chrace_ror_0	wh2_dlc15_hef_imrik	true
wh2_dlc15_hef_mon_war_lions_of_chrace_ror_0	wh2_main_hef_avelorn	true
wh2_dlc15_hef_mon_war_lions_of_chrace_ror_0	wh2_main_hef_eataine	true
wh2_dlc15_hef_mon_war_lions_of_chrace_ror_0	wh2_main_hef_nagarythe	true
wh2_dlc15_hef_mon_war_lions_of_chrace_ror_0	wh2_main_hef_order_of_loremasters	true
wh2_dlc15_hef_mon_war_lions_of_chrace_ror_0	wh2_main_hef_yvresse	true
wh2_dlc16_skv_inf_skavenslave_spearmen_0_flesh_lab	wh2_main_skv_clan_moulder	true
wh2_dlc16_skv_inf_skavenslaves_0_flesh_lab	wh2_main_skv_clan_moulder	true
wh2_dlc16_skv_mon_brood_horror_0_flesh_lab	wh2_main_skv_clan_moulder	true
wh2_dlc16_skv_mon_hell_pit_abomination_flesh_lab	wh2_main_skv_clan_moulder	true
wh2_dlc16_skv_mon_hell_pit_abomination_ror_0	wh2_dlc09_skv_clan_rictus	true
wh2_dlc16_skv_mon_hell_pit_abomination_ror_0	wh2_main_skv_clan_eshin	true
wh2_dlc16_skv_mon_hell_pit_abomination_ror_0	wh2_main_skv_clan_mors	true
wh2_dlc16_skv_mon_hell_pit_abomination_ror_0	wh2_main_skv_clan_moulder	true
wh2_dlc16_skv_mon_hell_pit_abomination_ror_0	wh2_main_skv_clan_pestilens	true
wh2_dlc16_skv_mon_hell_pit_abomination_ror_0	wh2_main_skv_clan_skryre	true
wh2_dlc16_skv_mon_rat_ogre_mutant_flesh_lab	wh2_main_skv_clan_moulder	true
wh2_dlc16_skv_mon_rat_ogre_mutant_ror_0	wh2_dlc09_skv_clan_rictus	true
wh2_dlc16_skv_mon_rat_ogre_mutant_ror_0	wh2_main_skv_clan_eshin	true
wh2_dlc16_skv_mon_rat_ogre_mutant_ror_0	wh2_main_skv_clan_mors	true
wh2_dlc16_skv_mon_rat_ogre_mutant_ror_0	wh2_main_skv_clan_moulder	true
wh2_dlc16_skv_mon_rat_ogre_mutant_ror_0	wh2_main_skv_clan_pestilens	true
wh2_dlc16_skv_mon_rat_ogre_mutant_ror_0	wh2_main_skv_clan_skryre	true
wh2_dlc16_skv_mon_rat_ogres_flesh_lab	wh2_main_skv_clan_moulder	true
wh2_dlc16_skv_mon_rat_ogres_ror_0	wh2_dlc09_skv_clan_rictus	true
wh2_dlc16_skv_mon_rat_ogres_ror_0	wh2_main_skv_clan_eshin	true
wh2_dlc16_skv_mon_rat_ogres_ror_0	wh2_main_skv_clan_mors	true
wh2_dlc16_skv_mon_rat_ogres_ror_0	wh2_main_skv_clan_moulder	true
wh2_dlc16_skv_mon_rat_ogres_ror_0	wh2_main_skv_clan_pestilens	true
wh2_dlc16_skv_mon_rat_ogres_ror_0	wh2_main_skv_clan_skryre	true
wh2_dlc16_skv_mon_wolf_rats_0_flesh_lab	wh2_main_skv_clan_moulder	true
wh2_dlc16_skv_mon_wolf_rats_1_flesh_lab	wh2_main_skv_clan_moulder	true
wh2_dlc16_wef_cav_glade_riders_2	wh3_dlc21_wef_spirits_of_shanlin	false
wh2_dlc16_wef_cav_great_stag_knights_ror_0	wh2_dlc16_wef_drycha	true
wh2_dlc16_wef_cav_great_stag_knights_ror_0	wh2_dlc16_wef_sisters_of_twilight	true
wh2_dlc16_wef_cav_great_stag_knights_ror_0	wh_dlc05_wef_argwylon	true
wh2_dlc16_wef_cav_great_stag_knights_ror_0	wh_dlc05_wef_wood_elves	true
wh2_dlc16_wef_inf_dryads_ror_0	wh2_dlc16_wef_drycha	true
wh2_dlc16_wef_inf_dryads_ror_0	wh2_dlc16_wef_sisters_of_twilight	true
wh2_dlc16_wef_inf_dryads_ror_0	wh_dlc05_wef_argwylon	true
wh2_dlc16_wef_inf_dryads_ror_0	wh_dlc05_wef_wood_elves	true
wh2_dlc16_wef_mon_zoats_ror_0	wh2_dlc16_wef_drycha	true
wh2_dlc16_wef_mon_zoats_ror_0	wh2_dlc16_wef_sisters_of_twilight	true
wh2_dlc16_wef_mon_zoats_ror_0	wh_dlc05_wef_argwylon	true
wh2_dlc16_wef_mon_zoats_ror_0	wh_dlc05_wef_wood_elves	true
wh2_dlc17_bst_inf_centigors_ror_1	wh2_dlc17_bst_malagor	true
wh2_dlc17_bst_inf_centigors_ror_1	wh2_dlc17_bst_taurox	true
wh2_dlc17_bst_inf_centigors_ror_1	wh_dlc03_bst_beastmen	true
wh2_dlc17_bst_inf_centigors_ror_1	wh_dlc05_bst_morghur_herd	true
wh2_dlc17_bst_mon_ghorgon_ror_0	wh2_dlc17_bst_malagor	true
wh2_dlc17_bst_mon_ghorgon_ror_0	wh2_dlc17_bst_taurox	true
wh2_dlc17_bst_mon_ghorgon_ror_0	wh_dlc03_bst_beastmen	true
wh2_dlc17_bst_mon_ghorgon_ror_0	wh_dlc05_bst_morghur_herd	true
wh2_dlc17_bst_mon_jabberslythe_ror_0	wh2_dlc17_bst_malagor	true
wh2_dlc17_bst_mon_jabberslythe_ror_0	wh2_dlc17_bst_taurox	true
wh2_dlc17_bst_mon_jabberslythe_ror_0	wh_dlc03_bst_beastmen	true
wh2_dlc17_bst_mon_jabberslythe_ror_0	wh_dlc05_bst_morghur_herd	true
wh2_dlc17_dwf_mon_carnosaur_thorek_0	wh2_dlc17_dwf_thorek_ironbrow	true
wh2_dlc17_kho_mon_ghorgon_ror_0	wh3_dlc20_chs_valkia	true
wh2_dlc17_kho_mon_ghorgon_ror_0	wh3_dlc26_kho_arbaal	true
wh2_dlc17_kho_mon_ghorgon_ror_0	wh3_dlc26_kho_skulltaker	true
wh2_dlc17_kho_mon_ghorgon_ror_0	wh3_main_dae_daemon_prince	true
wh2_dlc17_kho_mon_ghorgon_ror_0	wh3_main_kho_exiles_of_khorne	true
wh2_dlc17_lzd_mon_carnosaur_ror_0	wh2_dlc12_lzd_cult_of_sotek	true
wh2_dlc17_lzd_mon_carnosaur_ror_0	wh2_dlc13_lzd_spirits_of_the_jungle	true
wh2_dlc17_lzd_mon_carnosaur_ror_0	wh2_dlc17_lzd_oxyotl	true
wh2_dlc17_lzd_mon_carnosaur_ror_0	wh2_main_lzd_hexoatl	true
wh2_dlc17_lzd_mon_carnosaur_ror_0	wh2_main_lzd_itza	true
wh2_dlc17_lzd_mon_carnosaur_ror_0	wh2_main_lzd_last_defenders	true
wh2_dlc17_lzd_mon_carnosaur_ror_0	wh2_main_lzd_tlaqua	true
wh2_dlc17_lzd_mon_coatl_ror_0	wh2_dlc12_lzd_cult_of_sotek	true
wh2_dlc17_lzd_mon_coatl_ror_0	wh2_dlc13_lzd_spirits_of_the_jungle	true
wh2_dlc17_lzd_mon_coatl_ror_0	wh2_dlc17_lzd_oxyotl	true
wh2_dlc17_lzd_mon_coatl_ror_0	wh2_main_lzd_hexoatl	true
wh2_dlc17_lzd_mon_coatl_ror_0	wh2_main_lzd_itza	true
wh2_dlc17_lzd_mon_coatl_ror_0	wh2_main_lzd_last_defenders	true
wh2_dlc17_lzd_mon_coatl_ror_0	wh2_main_lzd_tlaqua	true
wh2_dlc17_lzd_mon_troglodon_ror_0	wh2_dlc12_lzd_cult_of_sotek	true
wh2_dlc17_lzd_mon_troglodon_ror_0	wh2_dlc13_lzd_spirits_of_the_jungle	true
wh2_dlc17_lzd_mon_troglodon_ror_0	wh2_dlc17_lzd_oxyotl	true
wh2_dlc17_lzd_mon_troglodon_ror_0	wh2_main_lzd_hexoatl	true
wh2_dlc17_lzd_mon_troglodon_ror_0	wh2_main_lzd_itza	true
wh2_dlc17_lzd_mon_troglodon_ror_0	wh2_main_lzd_last_defenders	true
wh2_dlc17_lzd_mon_troglodon_ror_0	wh2_main_lzd_tlaqua	true
wh2_main_def_mon_black_dragon	wh3_dlc27_nor_sayl	true
wh2_main_def_mon_black_dragon	wh_dlc08_nor_norsca	true
wh2_main_def_mon_black_dragon	wh_dlc08_nor_wintertooth	true
wh2_twa02_wef_cha_glade_captain_0	wh3_dlc21_wef_spirits_of_shanlin	false
wh3_dlc20_chs_cav_chaos_chariot_msla_ror	wh3_dlc20_chs_azazel	true
wh3_dlc20_chs_cav_chaos_chariot_msla_ror	wh3_dlc20_chs_kholek	true
wh3_dlc20_chs_cav_chaos_chariot_msla_ror	wh3_dlc20_chs_sigvald	true
wh3_dlc20_chs_cav_chaos_chariot_msla_ror	wh3_dlc27_sla_masque_of_slaanesh	true
wh3_dlc20_chs_cav_chaos_chariot_msla_ror	wh3_dlc27_sla_the_tormentors	true
wh3_dlc20_chs_cav_chaos_chariot_msla_ror	wh3_main_chs_shadow_legion	true
wh3_dlc20_chs_cav_chaos_chariot_msla_ror	wh3_main_dae_daemon_prince	true
wh3_dlc20_chs_cav_chaos_chariot_msla_ror	wh3_main_sla_seducers_of_slaanesh	true
wh3_dlc20_chs_cav_chaos_chariot_msla_ror	wh_main_chs_chaos	true
wh3_dlc20_chs_cav_chaos_knights_mnur	wh3_dlc25_nur_tamurkhan	true
wh3_dlc20_chs_inf_aspiring_champions_mtze_ror	wh3_dlc20_chs_kholek	true
wh3_dlc20_chs_inf_aspiring_champions_mtze_ror	wh3_dlc20_chs_sigvald	true
wh3_dlc20_chs_inf_aspiring_champions_mtze_ror	wh3_dlc20_chs_vilitch	true
wh3_dlc20_chs_inf_aspiring_champions_mtze_ror	wh3_dlc24_tze_the_deceivers	true
wh3_dlc20_chs_inf_aspiring_champions_mtze_ror	wh3_main_chs_shadow_legion	true
wh3_dlc20_chs_inf_aspiring_champions_mtze_ror	wh3_main_dae_daemon_prince	true
wh3_dlc20_chs_inf_aspiring_champions_mtze_ror	wh3_main_tze_oracles_of_tzeentch	true
wh3_dlc20_chs_inf_aspiring_champions_mtze_ror	wh_main_chs_chaos	true
wh3_dlc20_chs_mon_giant_mnur_ror	wh3_dlc20_chs_festus	true
wh3_dlc20_chs_mon_giant_mnur_ror	wh3_dlc20_chs_kholek	true
wh3_dlc20_chs_mon_giant_mnur_ror	wh3_dlc20_chs_sigvald	true
wh3_dlc20_chs_mon_giant_mnur_ror	wh3_dlc25_nur_epidemius	true
wh3_dlc20_chs_mon_giant_mnur_ror	wh3_main_chs_shadow_legion	true
wh3_dlc20_chs_mon_giant_mnur_ror	wh3_main_dae_daemon_prince	true
wh3_dlc20_chs_mon_giant_mnur_ror	wh3_main_nur_poxmakers_of_nurgle	true
wh3_dlc20_chs_mon_giant_mnur_ror	wh_main_chs_chaos	true
wh3_dlc20_kho_cav_skullcrushers_mkho_ror	wh3_dlc20_chs_kholek	true
wh3_dlc20_kho_cav_skullcrushers_mkho_ror	wh3_dlc20_chs_sigvald	true
wh3_dlc20_kho_cav_skullcrushers_mkho_ror	wh3_dlc20_chs_valkia	true
wh3_dlc20_kho_cav_skullcrushers_mkho_ror	wh3_dlc26_kho_arbaal	true
wh3_dlc20_kho_cav_skullcrushers_mkho_ror	wh3_dlc26_kho_skulltaker	true
wh3_dlc20_kho_cav_skullcrushers_mkho_ror	wh3_main_chs_shadow_legion	true
wh3_dlc20_kho_cav_skullcrushers_mkho_ror	wh3_main_dae_daemon_prince	true
wh3_dlc20_kho_cav_skullcrushers_mkho_ror	wh3_main_kho_exiles_of_khorne	true
wh3_dlc20_kho_cav_skullcrushers_mkho_ror	wh_main_chs_chaos	true
wh3_dlc23_chd_cav_bull_centaurs_dual_axe_ror	wh3_dlc23_chd_astragoth	true
wh3_dlc23_chd_cav_bull_centaurs_dual_axe_ror	wh3_dlc23_chd_chaos_dwarfs	true
wh3_dlc23_chd_cav_bull_centaurs_dual_axe_ror	wh3_dlc23_chd_legion_of_azgorh	true
wh3_dlc23_chd_cav_bull_centaurs_dual_axe_ror	wh3_dlc23_chd_zhatan	true
wh3_dlc23_chd_cav_hobgoblin_wolf_raiders_ror	wh3_dlc23_chd_astragoth	true
wh3_dlc23_chd_cav_hobgoblin_wolf_raiders_ror	wh3_dlc23_chd_chaos_dwarfs	true
wh3_dlc23_chd_cav_hobgoblin_wolf_raiders_ror	wh3_dlc23_chd_legion_of_azgorh	true
wh3_dlc23_chd_cav_hobgoblin_wolf_raiders_ror	wh3_dlc23_chd_zhatan	true
wh3_dlc23_chd_inf_chaos_dwarf_blunderbusses_ror	wh3_dlc23_chd_astragoth	true
wh3_dlc23_chd_inf_chaos_dwarf_blunderbusses_ror	wh3_dlc23_chd_chaos_dwarfs	true
wh3_dlc23_chd_inf_chaos_dwarf_blunderbusses_ror	wh3_dlc23_chd_legion_of_azgorh	true
wh3_dlc23_chd_inf_chaos_dwarf_blunderbusses_ror	wh3_dlc23_chd_zhatan	true
wh3_dlc23_chd_inf_chaos_dwarf_warriors_ror	wh3_dlc23_chd_astragoth	true
wh3_dlc23_chd_inf_chaos_dwarf_warriors_ror	wh3_dlc23_chd_chaos_dwarfs	true
wh3_dlc23_chd_inf_chaos_dwarf_warriors_ror	wh3_dlc23_chd_legion_of_azgorh	true
wh3_dlc23_chd_inf_chaos_dwarf_warriors_ror	wh3_dlc23_chd_zhatan	true
wh3_dlc23_chd_inf_infernal_ironsworn_ror	wh3_dlc23_chd_astragoth	true
wh3_dlc23_chd_inf_infernal_ironsworn_ror	wh3_dlc23_chd_chaos_dwarfs	true
wh3_dlc23_chd_inf_infernal_ironsworn_ror	wh3_dlc23_chd_legion_of_azgorh	true
wh3_dlc23_chd_inf_infernal_ironsworn_ror	wh3_dlc23_chd_zhatan	true
wh3_dlc23_chd_mon_bale_taurus	wh3_dlc27_nor_sayl	true
wh3_dlc23_chd_mon_bale_taurus	wh_dlc08_nor_norsca	true
wh3_dlc23_chd_mon_bale_taurus	wh_dlc08_nor_wintertooth	true
wh3_dlc23_chd_mon_kdaai_destroyer	wh3_dlc27_nor_sayl	true
wh3_dlc23_chd_mon_kdaai_fireborn	wh3_dlc27_nor_sayl	true
wh3_dlc23_chd_mon_lammasu	wh3_dlc27_nor_sayl	true
wh3_dlc23_chd_mon_lammasu	wh_dlc08_nor_norsca	true
wh3_dlc23_chd_mon_lammasu	wh_dlc08_nor_wintertooth	true
wh3_dlc24_cth_inf_dragon_guard_crossbowmen_ror	wh3_dlc24_cth_the_celestial_court	true
wh3_dlc24_cth_inf_dragon_guard_crossbowmen_ror	wh3_main_cth_the_northern_provinces	true
wh3_dlc24_cth_inf_dragon_guard_crossbowmen_ror	wh3_main_cth_the_western_provinces	true
wh3_dlc24_cth_inf_onyx_crowmen_ror	wh3_dlc24_cth_the_celestial_court	true
wh3_dlc24_cth_inf_onyx_crowmen_ror	wh3_main_cth_the_northern_provinces	true
wh3_dlc24_cth_inf_onyx_crowmen_ror	wh3_main_cth_the_western_provinces	true
wh3_dlc24_cth_veh_zhangu_war_drum_ror	wh3_dlc24_cth_the_celestial_court	true
wh3_dlc24_cth_veh_zhangu_war_drum_ror	wh3_main_cth_the_northern_provinces	true
wh3_dlc24_cth_veh_zhangu_war_drum_ror	wh3_main_cth_the_western_provinces	true
wh3_dlc24_ksl_inf_akshina_ambushers_ror	wh3_dlc24_ksl_daughters_of_the_forest	true
wh3_dlc24_ksl_inf_akshina_ambushers_ror	wh3_main_ksl_the_great_orthodoxy	true
wh3_dlc24_ksl_inf_akshina_ambushers_ror	wh3_main_ksl_the_ice_court	true
wh3_dlc24_ksl_inf_akshina_ambushers_ror	wh3_main_ksl_ursun_revivalists	true
wh3_dlc24_ksl_inf_streltsi_ror	wh3_dlc24_ksl_daughters_of_the_forest	true
wh3_dlc24_ksl_inf_streltsi_ror	wh3_main_ksl_the_great_orthodoxy	true
wh3_dlc24_ksl_inf_streltsi_ror	wh3_main_ksl_the_ice_court	true
wh3_dlc24_ksl_inf_streltsi_ror	wh3_main_ksl_ursun_revivalists	true
wh3_dlc24_ksl_mon_the_things_in_the_woods_ror	wh3_dlc24_ksl_daughters_of_the_forest	true
wh3_dlc24_ksl_mon_the_things_in_the_woods_ror	wh3_main_ksl_the_great_orthodoxy	true
wh3_dlc24_ksl_mon_the_things_in_the_woods_ror	wh3_main_ksl_the_ice_court	true
wh3_dlc24_ksl_mon_the_things_in_the_woods_ror	wh3_main_ksl_ursun_revivalists	true
wh3_dlc24_tze_inf_pink_horrors_ror	wh3_dlc20_chs_vilitch	true
wh3_dlc24_tze_inf_pink_horrors_ror	wh3_dlc24_tze_the_deceivers	true
wh3_dlc24_tze_inf_pink_horrors_ror	wh3_main_dae_daemon_prince	true
wh3_dlc24_tze_inf_pink_horrors_ror	wh3_main_tze_oracles_of_tzeentch	true
wh3_dlc24_tze_mon_cockatrice	wh3_dlc27_nor_sayl	true
wh3_dlc24_tze_mon_cockatrice	wh_dlc08_nor_norsca	true
wh3_dlc24_tze_mon_cockatrice	wh_dlc08_nor_wintertooth	true
wh3_dlc24_tze_mon_mutalith_vortex_beast_ror	wh3_dlc20_chs_vilitch	true
wh3_dlc24_tze_mon_mutalith_vortex_beast_ror	wh3_dlc24_tze_the_deceivers	true
wh3_dlc24_tze_mon_mutalith_vortex_beast_ror	wh3_main_dae_daemon_prince	true
wh3_dlc24_tze_mon_mutalith_vortex_beast_ror	wh3_main_tze_oracles_of_tzeentch	true
wh3_dlc24_tze_mon_screamers_ror	wh3_dlc20_chs_vilitch	true
wh3_dlc24_tze_mon_screamers_ror	wh3_dlc24_tze_the_deceivers	true
wh3_dlc24_tze_mon_screamers_ror	wh3_main_dae_daemon_prince	true
wh3_dlc24_tze_mon_screamers_ror	wh3_main_tze_oracles_of_tzeentch	true
wh3_dlc25_dwf_inf_doomseekers_ror	wh2_dlc17_dwf_thorek_ironbrow	true
wh3_dlc25_dwf_inf_doomseekers_ror	wh3_dlc25_dwf_malakai	true
wh3_dlc25_dwf_inf_doomseekers_ror	wh3_main_dwf_the_ancestral_throng	true
wh3_dlc25_dwf_inf_doomseekers_ror	wh_main_dwf_dwarfs	true
wh3_dlc25_dwf_inf_doomseekers_ror	wh_main_dwf_karak_izor	true
wh3_dlc25_dwf_inf_doomseekers_ror	wh_main_dwf_karak_kadrin	true
wh3_dlc25_dwf_inf_slayer_pirates_ror	wh2_dlc17_dwf_thorek_ironbrow	true
wh3_dlc25_dwf_inf_slayer_pirates_ror	wh3_dlc25_dwf_malakai	true
wh3_dlc25_dwf_inf_slayer_pirates_ror	wh3_dlc26_ogr_golgfag	true
wh3_dlc25_dwf_inf_slayer_pirates_ror	wh3_main_dwf_the_ancestral_throng	true
wh3_dlc25_dwf_inf_slayer_pirates_ror	wh_main_dwf_dwarfs	true
wh3_dlc25_dwf_inf_slayer_pirates_ror	wh_main_dwf_karak_izor	true
wh3_dlc25_dwf_inf_slayer_pirates_ror	wh_main_dwf_karak_kadrin	true
wh3_dlc25_dwf_inf_thunderers_ror	wh2_dlc17_dwf_thorek_ironbrow	true
wh3_dlc25_dwf_inf_thunderers_ror	wh3_dlc25_dwf_malakai	true
wh3_dlc25_dwf_inf_thunderers_ror	wh3_main_dwf_the_ancestral_throng	true
wh3_dlc25_dwf_inf_thunderers_ror	wh_main_dwf_dwarfs	true
wh3_dlc25_dwf_inf_thunderers_ror	wh_main_dwf_karak_izor	true
wh3_dlc25_dwf_inf_thunderers_ror	wh_main_dwf_karak_kadrin	true
wh3_dlc25_dwf_veh_thunderbarge	wh2_dlc17_dwf_thorek_ironbrow	true
wh3_dlc25_dwf_veh_thunderbarge	wh3_dlc25_dwf_malakai	true
wh3_dlc25_dwf_veh_thunderbarge	wh3_main_dwf_the_ancestral_throng	true
wh3_dlc25_dwf_veh_thunderbarge	wh_main_dwf_dwarfs	true
wh3_dlc25_dwf_veh_thunderbarge	wh_main_dwf_karak_izor	true
wh3_dlc25_dwf_veh_thunderbarge	wh_main_dwf_karak_kadrin	true
wh3_dlc25_emp_art_helstorm_rocket_battery_morr	wh_main_emp_wissenland	true
wh3_dlc25_emp_cav_outriders_morr	wh_main_emp_wissenland	true
wh3_dlc25_emp_inf_hochland_long_rifles_ror	wh2_dlc13_emp_golden_order	true
wh3_dlc25_emp_inf_hochland_long_rifles_ror	wh2_dlc13_emp_the_huntmarshals_expedition	true
wh3_dlc25_emp_inf_hochland_long_rifles_ror	wh3_main_emp_cult_of_sigmar	true
wh3_dlc25_emp_inf_hochland_long_rifles_ror	wh_main_emp_empire	true
wh3_dlc25_emp_inf_hochland_long_rifles_ror	wh_main_emp_wissenland	true
wh3_dlc25_emp_inf_nuln_ironsides_morr	wh_main_emp_wissenland	true
wh3_dlc25_emp_inf_spearmen_shields_ror	wh2_dlc13_emp_golden_order	true
wh3_dlc25_emp_inf_spearmen_shields_ror	wh2_dlc13_emp_the_huntmarshals_expedition	true
wh3_dlc25_emp_inf_spearmen_shields_ror	wh3_main_emp_cult_of_sigmar	true
wh3_dlc25_emp_inf_spearmen_shields_ror	wh_main_emp_empire	true
wh3_dlc25_emp_inf_spearmen_shields_ror	wh_main_emp_wissenland	true
wh3_dlc25_emp_veh_marienburg_land_ship_morr	wh_main_emp_wissenland	true
wh3_dlc25_emp_veh_marienburg_land_ship_ror	wh2_dlc13_emp_golden_order	true
wh3_dlc25_emp_veh_marienburg_land_ship_ror	wh2_dlc13_emp_the_huntmarshals_expedition	true
wh3_dlc25_emp_veh_marienburg_land_ship_ror	wh3_main_emp_cult_of_sigmar	true
wh3_dlc25_emp_veh_marienburg_land_ship_ror	wh_main_emp_empire	true
wh3_dlc25_emp_veh_marienburg_land_ship_ror	wh_main_emp_wissenland	true
wh3_dlc25_nur_cav_plague_drones_1_ror	wh3_dlc20_chs_festus	true
wh3_dlc25_nur_cav_plague_drones_1_ror	wh3_dlc25_nur_tamurkhan	true
wh3_dlc25_nur_cav_plague_drones_1_ror	wh3_main_dae_daemon_prince	true
wh3_dlc25_nur_cav_plague_drones_1_ror	wh3_main_nur_nurgle	true
wh3_dlc25_nur_cav_rot_knights_ror	wh3_dlc20_chs_festus	true
wh3_dlc25_nur_cav_rot_knights_ror	wh3_dlc25_nur_tamurkhan	true
wh3_dlc25_nur_cav_rot_knights_ror	wh3_main_nur_nurgle	true
wh3_dlc25_nur_chieftain_art_hellcannon	wh3_dlc25_nur_tamurkhan	true
wh3_dlc25_nur_chieftain_cav_chaos_chariot_mnur	wh3_dlc25_nur_tamurkhan	true
wh3_dlc25_nur_chieftain_cav_rot_knights	wh3_dlc25_nur_tamurkhan	true
wh3_dlc25_nur_chieftain_inf_aspiring_champions_0	wh3_dlc25_nur_tamurkhan	true
wh3_dlc25_nur_chieftain_inf_centigors_1	wh3_dlc25_nur_tamurkhan	true
wh3_dlc25_nur_chieftain_inf_chaos_dwarf_blunderbusses	wh3_dlc25_nur_tamurkhan	true
wh3_dlc25_nur_chieftain_inf_cygor_0	wh3_dlc25_nur_tamurkhan	true
wh3_dlc25_nur_chieftain_inf_infernal_guard_fireglaives	wh3_dlc25_nur_tamurkhan	true
wh3_dlc25_nur_chieftain_mon_dragon_ogre_shaggoth	wh3_dlc25_nur_tamurkhan	true
wh3_dlc25_nur_chieftain_mon_fimir_0	wh3_dlc25_nur_tamurkhan	true
wh3_dlc25_nur_chieftain_mon_fimir_1	wh3_dlc25_nur_tamurkhan	true
wh3_dlc25_nur_chieftain_mon_frost_wyrm_0	wh3_dlc25_nur_tamurkhan	true
wh3_dlc25_nur_chieftain_mon_skinwolves_0	wh3_dlc25_nur_tamurkhan	true
wh3_dlc25_nur_chieftain_mon_toad_dragon	wh3_dlc25_nur_tamurkhan	true
wh3_dlc25_nur_chieftain_mon_war_mammoth_0	wh3_dlc25_nur_tamurkhan	true
wh3_dlc25_nur_chieftain_mon_war_mammoth_1	wh3_dlc25_nur_tamurkhan	true
wh3_dlc25_nur_chieftain_veh_dreadquake_mortar	wh3_dlc25_nur_tamurkhan	true
wh3_dlc25_nur_mon_bile_trolls	wh_dlc08_nor_wintertooth	true
wh3_dlc25_nur_mon_soul_grinder_0_ror	wh3_dlc20_chs_festus	true
wh3_dlc25_nur_mon_soul_grinder_0_ror	wh3_dlc25_nur_tamurkhan	true
wh3_dlc25_nur_mon_soul_grinder_0_ror	wh3_main_nur_nurgle	true
wh3_dlc25_nur_mon_toad_dragon	wh3_dlc27_nor_sayl	true
wh3_dlc25_nur_mon_toad_dragon	wh_dlc08_nor_norsca	true
wh3_dlc25_nur_mon_toad_dragon	wh_dlc08_nor_wintertooth	true
wh3_dlc26_chs_inf_chosen_mkho_ror	wh3_dlc20_chs_kholek	true
wh3_dlc26_chs_inf_chosen_mkho_ror	wh3_dlc20_chs_sigvald	true
wh3_dlc26_chs_inf_chosen_mkho_ror	wh3_dlc20_chs_valkia	true
wh3_dlc26_chs_inf_chosen_mkho_ror	wh3_dlc26_kho_arbaal	true
wh3_dlc26_chs_inf_chosen_mkho_ror	wh3_dlc26_kho_skulltaker	true
wh3_dlc26_chs_inf_chosen_mkho_ror	wh3_main_dae_daemon_prince	true
wh3_dlc26_chs_inf_chosen_mkho_ror	wh3_main_kho_exiles_of_khorne	true
wh3_dlc26_chs_inf_chosen_mkho_ror	wh_main_chs_chaos	true
wh3_dlc26_grn_art_bolt_throwa_ror	wh2_dlc15_grn_bonerattlaz	true
wh3_dlc26_grn_art_bolt_throwa_ror	wh2_dlc15_grn_broken_axe	true
wh3_dlc26_grn_art_bolt_throwa_ror	wh3_dlc26_grn_gorbad_ironclaw	true
wh3_dlc26_grn_art_bolt_throwa_ror	wh_main_grn_crooked_moon	true
wh3_dlc26_grn_art_bolt_throwa_ror	wh_main_grn_greenskins	true
wh3_dlc26_grn_art_bolt_throwa_ror	wh_main_grn_orcs_of_the_bloody_hand	true
wh3_dlc26_grn_inf_rugluds_armoured_orcs	wh2_dlc15_grn_bonerattlaz	true
wh3_dlc26_grn_inf_rugluds_armoured_orcs	wh2_dlc15_grn_broken_axe	true
wh3_dlc26_grn_inf_rugluds_armoured_orcs	wh3_dlc26_grn_gorbad_ironclaw	true
wh3_dlc26_grn_inf_rugluds_armoured_orcs	wh3_dlc26_ogr_golgfag	true
wh3_dlc26_grn_inf_rugluds_armoured_orcs	wh_main_grn_crooked_moon	true
wh3_dlc26_grn_inf_rugluds_armoured_orcs	wh_main_grn_greenskins	true
wh3_dlc26_grn_inf_rugluds_armoured_orcs	wh_main_grn_orcs_of_the_bloody_hand	true
wh3_dlc26_grn_mon_colossal_squig_ror	wh2_dlc15_grn_bonerattlaz	true
wh3_dlc26_grn_mon_colossal_squig_ror	wh2_dlc15_grn_broken_axe	true
wh3_dlc26_grn_mon_colossal_squig_ror	wh3_dlc26_grn_gorbad_ironclaw	true
wh3_dlc26_grn_mon_colossal_squig_ror	wh_main_grn_crooked_moon	true
wh3_dlc26_grn_mon_colossal_squig_ror	wh_main_grn_greenskins	true
wh3_dlc26_grn_mon_colossal_squig_ror	wh_main_grn_orcs_of_the_bloody_hand	true
wh3_dlc26_kho_inf_wrathmongers_ror	wh3_dlc20_chs_valkia	true
wh3_dlc26_kho_inf_wrathmongers_ror	wh3_dlc26_kho_arbaal	true
wh3_dlc26_kho_inf_wrathmongers_ror	wh3_dlc26_kho_skulltaker	true
wh3_dlc26_kho_inf_wrathmongers_ror	wh3_main_dae_daemon_prince	true
wh3_dlc26_kho_inf_wrathmongers_ror	wh3_main_kho_exiles_of_khorne	true
wh3_dlc26_kho_veh_skullcannon_ror	wh3_dlc20_chs_kholek	true
wh3_dlc26_kho_veh_skullcannon_ror	wh3_dlc20_chs_sigvald	true
wh3_dlc26_kho_veh_skullcannon_ror	wh3_dlc20_chs_valkia	true
wh3_dlc26_kho_veh_skullcannon_ror	wh3_dlc26_kho_arbaal	true
wh3_dlc26_kho_veh_skullcannon_ror	wh3_dlc26_kho_skulltaker	true
wh3_dlc26_kho_veh_skullcannon_ror	wh3_main_dae_daemon_prince	true
wh3_dlc26_kho_veh_skullcannon_ror	wh3_main_kho_exiles_of_khorne	true
wh3_dlc26_kho_veh_skullcannon_ror	wh_main_chs_chaos	true
wh3_dlc26_ogr_inf_eshin_maneater_ror	wh3_dlc26_ogr_golgfag	true
wh3_dlc26_ogr_inf_eshin_maneater_ror	wh3_main_ogr_disciples_of_the_maw	true
wh3_dlc26_ogr_inf_eshin_maneater_ror	wh3_main_ogr_goldtooth	true
wh3_dlc26_ogr_inf_pigback_riders_ror	wh3_dlc26_ogr_golgfag	true
wh3_dlc26_ogr_inf_pigback_riders_ror	wh3_main_ogr_disciples_of_the_maw	true
wh3_dlc26_ogr_inf_pigback_riders_ror	wh3_main_ogr_goldtooth	true
wh3_dlc26_ogr_mon_thundertusk	wh3_dlc27_nor_sayl	true
wh3_dlc26_ogr_mon_thundertusk	wh_dlc08_nor_norsca	true
wh3_dlc26_ogr_mon_thundertusk	wh_dlc08_nor_wintertooth	true
wh3_dlc26_ogr_mon_yhetees_ror	wh3_dlc26_ogr_golgfag	true
wh3_dlc26_ogr_mon_yhetees_ror	wh3_main_ogr_disciples_of_the_maw	true
wh3_dlc26_ogr_mon_yhetees_ror	wh3_main_ogr_goldtooth	true
wh3_dlc27_bst_inf_cygor_monst_arcanum_reward	wh3_dlc27_nor_sayl	true
wh3_dlc27_bst_inf_cygor_monst_arcanum_reward	wh_dlc08_nor_norsca	true
wh3_dlc27_bst_inf_cygor_monst_arcanum_reward	wh_dlc08_nor_wintertooth	true
wh3_dlc27_bst_mon_chimera_ror	wh2_dlc17_bst_malagor	true
wh3_dlc27_bst_mon_chimera_ror	wh2_dlc17_bst_taurox	true
wh3_dlc27_bst_mon_chimera_ror	wh_dlc03_bst_beastmen	true
wh3_dlc27_bst_mon_chimera_ror	wh_dlc05_bst_morghur_herd	true
wh3_dlc27_bst_mon_ghorgon_monst_arcanum_reward	wh3_dlc27_nor_sayl	true
wh3_dlc27_bst_mon_ghorgon_monst_arcanum_reward	wh_dlc08_nor_norsca	true
wh3_dlc27_bst_mon_ghorgon_monst_arcanum_reward	wh_dlc08_nor_wintertooth	true
wh3_dlc27_bst_mon_ghorgon_monst_arcanum	wh3_dlc27_nor_sayl	true
wh3_dlc27_bst_mon_ghorgon_monst_arcanum	wh_dlc08_nor_norsca	true
wh3_dlc27_bst_mon_ghorgon_monst_arcanum	wh_dlc08_nor_wintertooth	true
wh3_dlc27_bst_mon_jabberslythe_monst_arcanum_reward	wh3_dlc27_nor_sayl	true
wh3_dlc27_bst_mon_jabberslythe_monst_arcanum_reward	wh_dlc08_nor_norsca	true
wh3_dlc27_bst_mon_jabberslythe_monst_arcanum_reward	wh_dlc08_nor_wintertooth	true
wh3_dlc27_bst_mon_jabberslythe_monst_arcanum	wh3_dlc27_nor_sayl	true
wh3_dlc27_bst_mon_jabberslythe_monst_arcanum	wh_dlc08_nor_norsca	true
wh3_dlc27_bst_mon_jabberslythe_monst_arcanum	wh_dlc08_nor_wintertooth	true
wh3_dlc27_bst_mon_preyton_ror	wh2_dlc17_bst_malagor	true
wh3_dlc27_bst_mon_preyton_ror	wh2_dlc17_bst_taurox	true
wh3_dlc27_bst_mon_preyton_ror	wh_dlc03_bst_beastmen	true
wh3_dlc27_bst_mon_preyton_ror	wh_dlc05_bst_morghur_herd	true
wh3_dlc27_chd_mon_bale_taurus_monst_arcanum	wh3_dlc27_nor_sayl	true
wh3_dlc27_chd_mon_bale_taurus_monst_arcanum	wh_dlc08_nor_norsca	true
wh3_dlc27_chd_mon_bale_taurus_monst_arcanum	wh_dlc08_nor_wintertooth	true
wh3_dlc27_chd_mon_lammasu_monst_arcanum	wh3_dlc27_nor_sayl	true
wh3_dlc27_chd_mon_lammasu_monst_arcanum	wh_dlc08_nor_norsca	true
wh3_dlc27_chd_mon_lammasu_monst_arcanum	wh_dlc08_nor_wintertooth	true
wh3_dlc27_chs_feral_manticore_monst_arcanum_reward	wh3_dlc27_nor_sayl	true
wh3_dlc27_chs_feral_manticore_monst_arcanum_reward	wh_dlc08_nor_norsca	true
wh3_dlc27_chs_feral_manticore_monst_arcanum_reward	wh_dlc08_nor_wintertooth	true
wh3_dlc27_chs_feral_manticore_monst_arcanum	wh3_dlc27_nor_sayl	true
wh3_dlc27_chs_feral_manticore_monst_arcanum	wh_dlc08_nor_norsca	true
wh3_dlc27_chs_feral_manticore_monst_arcanum	wh_dlc08_nor_wintertooth	true
wh3_dlc27_chs_mon_dragon_ogre_shaggoth_monst_arcanum_reward	wh3_dlc27_nor_sayl	true
wh3_dlc27_chs_mon_dragon_ogre_shaggoth_monst_arcanum_reward	wh_dlc08_nor_norsca	true
wh3_dlc27_chs_mon_dragon_ogre_shaggoth_monst_arcanum_reward	wh_dlc08_nor_wintertooth	true
wh3_dlc27_cth_mon_celestial_lion_monst_arcanum	wh3_dlc27_nor_sayl	true
wh3_dlc27_cth_mon_celestial_lion_monst_arcanum	wh_dlc08_nor_norsca	true
wh3_dlc27_cth_mon_celestial_lion_monst_arcanum	wh_dlc08_nor_wintertooth	true
wh3_dlc27_def_mon_black_dragon_monst_arcanum	wh3_dlc27_nor_sayl	true
wh3_dlc27_def_mon_black_dragon_monst_arcanum	wh_dlc08_nor_norsca	true
wh3_dlc27_def_mon_black_dragon_monst_arcanum	wh_dlc08_nor_wintertooth	true
wh3_dlc27_hef_inf_ships_company_ror	wh2_dlc15_hef_imrik	true
wh3_dlc27_hef_inf_ships_company_ror	wh2_main_hef_avelorn	true
wh3_dlc27_hef_inf_ships_company_ror	wh2_main_hef_eataine	true
wh3_dlc27_hef_inf_ships_company_ror	wh2_main_hef_nagarythe	true
wh3_dlc27_hef_inf_ships_company_ror	wh2_main_hef_order_of_loremasters	true
wh3_dlc27_hef_inf_ships_company_ror	wh2_main_hef_yvresse	true
wh3_dlc27_hef_inf_ships_company_ror	wh3_dlc27_hef_aislinn	true
wh3_dlc27_hef_mon_merwyrm_ror	wh2_dlc15_hef_imrik	true
wh3_dlc27_hef_mon_merwyrm_ror	wh2_main_hef_avelorn	true
wh3_dlc27_hef_mon_merwyrm_ror	wh2_main_hef_eataine	true
wh3_dlc27_hef_mon_merwyrm_ror	wh2_main_hef_nagarythe	true
wh3_dlc27_hef_mon_merwyrm_ror	wh2_main_hef_order_of_loremasters	true
wh3_dlc27_hef_mon_merwyrm_ror	wh2_main_hef_yvresse	true
wh3_dlc27_hef_mon_merwyrm_ror	wh3_dlc27_hef_aislinn	true
wh3_dlc27_lzd_mon_dread_saurian_monst_arcanum	wh3_dlc27_nor_sayl	true
wh3_dlc27_lzd_mon_dread_saurian_monst_arcanum	wh_dlc08_nor_norsca	true
wh3_dlc27_lzd_mon_dread_saurian_monst_arcanum	wh_dlc08_nor_wintertooth	true
wh3_dlc27_nor_cav_chaos_chariot_ror	wh3_dlc20_chs_kholek	true
wh3_dlc27_nor_cav_chaos_chariot_ror	wh3_dlc20_chs_sigvald	true
wh3_dlc27_nor_cav_chaos_chariot_ror	wh3_dlc20_chs_vilitch	true
wh3_dlc27_nor_cav_chaos_chariot_ror	wh3_dlc24_tze_the_deceivers	true
wh3_dlc27_nor_cav_chaos_chariot_ror	wh3_dlc27_nor_sayl	true
wh3_dlc27_nor_cav_chaos_chariot_ror	wh3_main_chs_shadow_legion	true
wh3_dlc27_nor_cav_chaos_chariot_ror	wh3_main_dae_daemon_prince	true
wh3_dlc27_nor_cav_chaos_chariot_ror	wh3_main_tze_oracles_of_tzeentch	true
wh3_dlc27_nor_cav_chaos_chariot_ror	wh_dlc08_nor_norsca	true
wh3_dlc27_nor_cav_chaos_chariot_ror	wh_dlc08_nor_wintertooth	true
wh3_dlc27_nor_cav_chaos_chariot_ror	wh_main_chs_chaos	true
wh3_dlc27_nor_cav_marauder_horsemen_ror	wh3_dlc20_chs_azazel	true
wh3_dlc27_nor_cav_marauder_horsemen_ror	wh3_dlc20_chs_kholek	true
wh3_dlc27_nor_cav_marauder_horsemen_ror	wh3_dlc20_chs_sigvald	true
wh3_dlc27_nor_cav_marauder_horsemen_ror	wh3_dlc27_nor_sayl	true
wh3_dlc27_nor_cav_marauder_horsemen_ror	wh3_dlc27_sla_masque_of_slaanesh	true
wh3_dlc27_nor_cav_marauder_horsemen_ror	wh3_dlc27_sla_the_tormentors	true
wh3_dlc27_nor_cav_marauder_horsemen_ror	wh3_main_chs_shadow_legion	true
wh3_dlc27_nor_cav_marauder_horsemen_ror	wh3_main_dae_daemon_prince	true
wh3_dlc27_nor_cav_marauder_horsemen_ror	wh3_main_sla_seducers_of_slaanesh	true
wh3_dlc27_nor_cav_marauder_horsemen_ror	wh_dlc08_nor_norsca	true
wh3_dlc27_nor_cav_marauder_horsemen_ror	wh_dlc08_nor_wintertooth	true
wh3_dlc27_nor_cav_marauder_horsemen_ror	wh_main_chs_chaos	true
wh3_dlc27_nor_inf_chaos_marauders_great_weapons_ror	wh3_dlc20_chs_festus	true
wh3_dlc27_nor_inf_chaos_marauders_great_weapons_ror	wh3_dlc20_chs_kholek	true
wh3_dlc27_nor_inf_chaos_marauders_great_weapons_ror	wh3_dlc20_chs_sigvald	true
wh3_dlc27_nor_inf_chaos_marauders_great_weapons_ror	wh3_dlc25_nur_epidemius	true
wh3_dlc27_nor_inf_chaos_marauders_great_weapons_ror	wh3_dlc25_nur_tamurkhan	true
wh3_dlc27_nor_inf_chaos_marauders_great_weapons_ror	wh3_dlc27_nor_sayl	true
wh3_dlc27_nor_inf_chaos_marauders_great_weapons_ror	wh3_main_chs_shadow_legion	true
wh3_dlc27_nor_inf_chaos_marauders_great_weapons_ror	wh3_main_dae_daemon_prince	true
wh3_dlc27_nor_inf_chaos_marauders_great_weapons_ror	wh3_main_nur_nurgle	true
wh3_dlc27_nor_inf_chaos_marauders_great_weapons_ror	wh_dlc08_nor_norsca	true
wh3_dlc27_nor_inf_chaos_marauders_great_weapons_ror	wh_dlc08_nor_wintertooth	true
wh3_dlc27_nor_inf_chaos_marauders_great_weapons_ror	wh_main_chs_chaos	true
wh3_dlc27_nor_mon_chimera_monst_arcanum_reward	wh3_dlc27_nor_sayl	true
wh3_dlc27_nor_mon_chimera_monst_arcanum_reward	wh_dlc08_nor_norsca	true
wh3_dlc27_nor_mon_chimera_monst_arcanum_reward	wh_dlc08_nor_wintertooth	true
wh3_dlc27_nor_mon_chimera_monst_arcanum	wh3_dlc27_nor_sayl	true
wh3_dlc27_nor_mon_chimera_monst_arcanum	wh_dlc08_nor_norsca	true
wh3_dlc27_nor_mon_chimera_monst_arcanum	wh_dlc08_nor_wintertooth	true
wh3_dlc27_nor_mon_chimera_ror	wh3_dlc20_chs_azazel	true
wh3_dlc27_nor_mon_chimera_ror	wh3_dlc20_chs_festus	true
wh3_dlc27_nor_mon_chimera_ror	wh3_dlc20_chs_kholek	true
wh3_dlc27_nor_mon_chimera_ror	wh3_dlc20_chs_sigvald	true
wh3_dlc27_nor_mon_chimera_ror	wh3_dlc20_chs_valkia	true
wh3_dlc27_nor_mon_chimera_ror	wh3_dlc20_chs_vilitch	true
wh3_dlc27_nor_mon_chimera_ror	wh3_dlc27_nor_sayl	true
wh3_dlc27_nor_mon_chimera_ror	wh3_main_chs_shadow_legion	true
wh3_dlc27_nor_mon_chimera_ror	wh3_main_dae_daemon_prince	true
wh3_dlc27_nor_mon_chimera_ror	wh_dlc08_nor_norsca	true
wh3_dlc27_nor_mon_chimera_ror	wh_dlc08_nor_wintertooth	true
wh3_dlc27_nor_mon_chimera_ror	wh_main_chs_chaos	true
wh3_dlc27_nor_mon_chimera	wh3_dlc27_nor_sayl	true
wh3_dlc27_nor_mon_chimera	wh_dlc08_nor_norsca	true
wh3_dlc27_nor_mon_chimera	wh_dlc08_nor_wintertooth	true
wh3_dlc27_nur_mon_toad_dragon_monst_arcanum_reward	wh3_dlc27_nor_sayl	true
wh3_dlc27_nur_mon_toad_dragon_monst_arcanum_reward	wh_dlc08_nor_norsca	true
wh3_dlc27_nur_mon_toad_dragon_monst_arcanum_reward	wh_dlc08_nor_wintertooth	true
wh3_dlc27_nur_mon_toad_dragon_monst_arcanum	wh3_dlc27_nor_sayl	true
wh3_dlc27_nur_mon_toad_dragon_monst_arcanum	wh_dlc08_nor_norsca	true
wh3_dlc27_nur_mon_toad_dragon_monst_arcanum	wh_dlc08_nor_wintertooth	true
wh3_dlc27_ogr_mon_thundertusk_monst_arcanum	wh3_dlc27_nor_sayl	true
wh3_dlc27_ogr_mon_thundertusk_monst_arcanum	wh_dlc08_nor_norsca	true
wh3_dlc27_ogr_mon_thundertusk_monst_arcanum	wh_dlc08_nor_wintertooth	true
wh3_dlc27_sla_mon_champions_of_slaanesh_ror	wh3_dlc20_chs_azazel	true
wh3_dlc27_sla_mon_champions_of_slaanesh_ror	wh3_dlc20_chs_kholek	true
wh3_dlc27_sla_mon_champions_of_slaanesh_ror	wh3_dlc20_chs_sigvald	true
wh3_dlc27_sla_mon_champions_of_slaanesh_ror	wh3_dlc27_sla_masque_of_slaanesh	true
wh3_dlc27_sla_mon_champions_of_slaanesh_ror	wh3_dlc27_sla_the_tormentors	true
wh3_dlc27_sla_mon_champions_of_slaanesh_ror	wh3_main_chs_shadow_legion	true
wh3_dlc27_sla_mon_champions_of_slaanesh_ror	wh3_main_dae_daemon_prince	true
wh3_dlc27_sla_mon_champions_of_slaanesh_ror	wh3_main_sla_seducers_of_slaanesh	true
wh3_dlc27_sla_mon_champions_of_slaanesh_ror	wh_main_chs_chaos	true
wh3_dlc27_sla_mon_preyton_monst_arcanum_reward	wh3_dlc27_nor_sayl	true
wh3_dlc27_sla_mon_preyton_monst_arcanum_reward	wh_dlc08_nor_norsca	true
wh3_dlc27_sla_mon_preyton_monst_arcanum_reward	wh_dlc08_nor_wintertooth	true
wh3_dlc27_sla_mon_preyton_monst_arcanum	wh3_dlc27_nor_sayl	true
wh3_dlc27_sla_mon_preyton_monst_arcanum	wh_dlc08_nor_norsca	true
wh3_dlc27_sla_mon_preyton_monst_arcanum	wh_dlc08_nor_wintertooth	true
wh3_dlc27_sla_mon_preyton_ror	wh3_dlc27_sla_masque_of_slaanesh	true
wh3_dlc27_sla_mon_preyton_ror	wh3_dlc27_sla_the_tormentors	true
wh3_dlc27_sla_mon_preyton_ror	wh3_main_sla_seducers_of_slaanesh	true
wh3_dlc27_sla_mon_preyton	wh3_dlc27_nor_sayl	true
wh3_dlc27_sla_mon_preyton	wh_dlc08_nor_norsca	true
wh3_dlc27_sla_mon_preyton	wh_dlc08_nor_wintertooth	true
wh3_dlc27_sla_veh_seeker_chariot_ror	wh3_dlc20_chs_azazel	true
wh3_dlc27_sla_veh_seeker_chariot_ror	wh3_dlc20_chs_kholek	true
wh3_dlc27_sla_veh_seeker_chariot_ror	wh3_dlc20_chs_sigvald	true
wh3_dlc27_sla_veh_seeker_chariot_ror	wh3_dlc27_sla_masque_of_slaanesh	true
wh3_dlc27_sla_veh_seeker_chariot_ror	wh3_dlc27_sla_the_tormentors	true
wh3_dlc27_sla_veh_seeker_chariot_ror	wh3_main_chs_shadow_legion	true
wh3_dlc27_sla_veh_seeker_chariot_ror	wh3_main_dae_daemon_prince	true
wh3_dlc27_sla_veh_seeker_chariot_ror	wh3_main_sla_seducers_of_slaanesh	true
wh3_dlc27_sla_veh_seeker_chariot_ror	wh_main_chs_chaos	true
wh3_dlc27_throgg_mon_bile_trolls	wh_dlc08_nor_wintertooth	true
wh3_dlc27_throgg_mon_chs_trolls_0	wh_dlc08_nor_wintertooth	true
wh3_dlc27_throgg_mon_chs_trolls_1	wh_dlc08_nor_wintertooth	true
wh3_dlc27_throgg_mon_river_trolls_0	wh_dlc08_nor_wintertooth	true
wh3_dlc27_throgg_mon_stone_trolls_0	wh_dlc08_nor_wintertooth	true
wh3_dlc27_tmb_mon_carrion_monst_arcanum	wh3_dlc27_nor_sayl	true
wh3_dlc27_tmb_mon_carrion_monst_arcanum	wh_dlc08_nor_norsca	true
wh3_dlc27_tmb_mon_carrion_monst_arcanum	wh_dlc08_nor_wintertooth	true
wh3_dlc27_tze_mon_cockatrice_monst_arcanum_reward	wh3_dlc27_nor_sayl	true
wh3_dlc27_tze_mon_cockatrice_monst_arcanum_reward	wh_dlc08_nor_norsca	true
wh3_dlc27_tze_mon_cockatrice_monst_arcanum_reward	wh_dlc08_nor_wintertooth	true
wh3_dlc27_tze_mon_cockatrice_monst_arcanum	wh3_dlc27_nor_sayl	true
wh3_dlc27_tze_mon_cockatrice_monst_arcanum	wh_dlc08_nor_norsca	true
wh3_dlc27_tze_mon_cockatrice_monst_arcanum	wh_dlc08_nor_wintertooth	true
wh3_main_kho_mon_bloodthirster_0	wh3_dlc27_nor_sayl	true
wh3_main_nur_cav_pox_riders_of_nurgle_0	wh3_dlc25_nur_tamurkhan	true
wh3_main_nur_inf_plaguebearers_1	wh_main_chs_chaos	true
wh3_main_nur_mon_great_unclean_one_0	wh3_dlc27_nor_sayl	true
wh3_main_ogr_mon_giant_0	wh3_dlc27_nor_sayl	true
wh3_main_ogr_mon_giant_0	wh_dlc08_nor_norsca	true
wh3_main_ogr_mon_giant_0	wh_dlc08_nor_wintertooth	true
wh3_main_pro_ksl_cav_gryphon_legion_ror_0	wh3_prologue_kislev_expedition	true
wh3_main_pro_ksl_inf_ice_guard_ror_0	wh3_prologue_kislev_expedition	true
wh3_main_pro_ksl_inf_ice_guard_ror_1	wh3_prologue_kislev_expedition	true
wh3_main_pro_ksl_mon_elemental_bear_ror_0	wh3_prologue_kislev_expedition	true
wh3_main_pro_ksl_mon_snow_leopard_ror_0	wh3_prologue_kislev_expedition	true
wh3_main_pro_ksl_veh_heavy_war_sled_ror_0	wh3_prologue_kislev_expedition	true
wh3_main_pro_ksl_veh_light_war_sled_ror_0	wh3_prologue_kislev_expedition	true
wh3_main_sla_mon_keeper_of_secrets_0	wh3_dlc27_nor_sayl	true
wh3_main_tze_mon_lord_of_change_0	wh3_dlc27_nor_sayl	true
wh3_twa06_cth_inf_dragon_guard_ror_0	wh3_dlc24_cth_the_celestial_court	true
wh3_twa06_cth_inf_dragon_guard_ror_0	wh3_main_cth_the_northern_provinces	true
wh3_twa06_cth_inf_dragon_guard_ror_0	wh3_main_cth_the_western_provinces	true
wh3_twa06_kho_inf_bloodletters_ror_0	wh3_dlc20_chs_valkia	true
wh3_twa06_kho_inf_bloodletters_ror_0	wh3_dlc26_kho_arbaal	true
wh3_twa06_kho_inf_bloodletters_ror_0	wh3_dlc26_kho_skulltaker	true
wh3_twa06_kho_inf_bloodletters_ror_0	wh3_main_dae_daemon_prince	true
wh3_twa06_kho_inf_bloodletters_ror_0	wh3_main_kho_exiles_of_khorne	true
wh3_twa06_ksl_inf_tzar_guard_ror_0	wh3_dlc24_ksl_daughters_of_the_forest	true
wh3_twa06_ksl_inf_tzar_guard_ror_0	wh3_main_ksl_the_great_orthodoxy	true
wh3_twa06_ksl_inf_tzar_guard_ror_0	wh3_main_ksl_the_ice_court	true
wh3_twa06_ksl_inf_tzar_guard_ror_0	wh3_main_ksl_ursun_revivalists	true
wh3_twa06_nur_inf_plaguebearers_ror_0	wh3_dlc20_chs_festus	true
wh3_twa06_nur_inf_plaguebearers_ror_0	wh3_dlc25_nur_epidemius	true
wh3_twa06_nur_inf_plaguebearers_ror_0	wh3_dlc25_nur_tamurkhan	true
wh3_twa06_nur_inf_plaguebearers_ror_0	wh3_main_dae_daemon_prince	true
wh3_twa06_nur_inf_plaguebearers_ror_0	wh3_main_nur_poxmakers_of_nurgle	true
wh3_twa06_ogr_inf_maneaters_ror_0	wh3_dlc26_ogr_golgfag	true
wh3_twa06_ogr_inf_maneaters_ror_0	wh3_main_ogr_disciples_of_the_maw	true
wh3_twa06_ogr_inf_maneaters_ror_0	wh3_main_ogr_goldtooth	true
wh3_twa06_sla_inf_daemonette_ror_0	wh3_dlc20_chs_azazel	true
wh3_twa06_sla_inf_daemonette_ror_0	wh3_dlc27_sla_masque_of_slaanesh	true
wh3_twa06_sla_inf_daemonette_ror_0	wh3_dlc27_sla_the_tormentors	true
wh3_twa06_sla_inf_daemonette_ror_0	wh3_main_dae_daemon_prince	true
wh3_twa06_sla_inf_daemonette_ror_0	wh3_main_sla_seducers_of_slaanesh	true
wh3_twa06_tze_inf_pink_horrors_ror_0	wh3_dlc20_chs_vilitch	true
wh3_twa06_tze_inf_pink_horrors_ror_0	wh3_dlc24_tze_the_deceivers	true
wh3_twa06_tze_inf_pink_horrors_ror_0	wh3_main_dae_daemon_prince	true
wh3_twa06_tze_inf_pink_horrors_ror_0	wh3_main_tze_oracles_of_tzeentch	true
wh3_twa07_cth_cav_jade_longma_riders_ror_0	wh3_dlc24_cth_the_celestial_court	true
wh3_twa07_cth_cav_jade_longma_riders_ror_0	wh3_main_cth_the_northern_provinces	true
wh3_twa07_cth_cav_jade_longma_riders_ror_0	wh3_main_cth_the_western_provinces	true
wh3_twa07_kho_cav_bloodcrushers_ror_0	wh3_dlc20_chs_valkia	true
wh3_twa07_kho_cav_bloodcrushers_ror_0	wh3_dlc26_kho_arbaal	true
wh3_twa07_kho_cav_bloodcrushers_ror_0	wh3_dlc26_kho_skulltaker	true
wh3_twa07_kho_cav_bloodcrushers_ror_0	wh3_main_dae_daemon_prince	true
wh3_twa07_kho_cav_bloodcrushers_ror_0	wh3_main_kho_exiles_of_khorne	true
wh3_twa07_ksl_cav_war_bear_riders_ror_0	wh3_dlc24_ksl_daughters_of_the_forest	true
wh3_twa07_ksl_cav_war_bear_riders_ror_0	wh3_main_ksl_the_great_orthodoxy	true
wh3_twa07_ksl_cav_war_bear_riders_ror_0	wh3_main_ksl_the_ice_court	true
wh3_twa07_ksl_cav_war_bear_riders_ror_0	wh3_main_ksl_ursun_revivalists	true
wh3_twa07_nur_cav_pox_riders_of_nurgle_ror_0	wh3_dlc20_chs_festus	true
wh3_twa07_nur_cav_pox_riders_of_nurgle_ror_0	wh3_dlc25_nur_epidemius	true
wh3_twa07_nur_cav_pox_riders_of_nurgle_ror_0	wh3_dlc25_nur_tamurkhan	true
wh3_twa07_nur_cav_pox_riders_of_nurgle_ror_0	wh3_main_dae_daemon_prince	true
wh3_twa07_nur_cav_pox_riders_of_nurgle_ror_0	wh3_main_nur_poxmakers_of_nurgle	true
wh3_twa07_ogr_cav_crushers_ror_0	wh3_dlc26_ogr_golgfag	true
wh3_twa07_ogr_cav_crushers_ror_0	wh3_main_ogr_disciples_of_the_maw	true
wh3_twa07_ogr_cav_crushers_ror_0	wh3_main_ogr_goldtooth	true
wh3_twa07_sla_cav_heartseekers_of_slaanesh_ror_0	wh3_dlc20_chs_azazel	true
wh3_twa07_sla_cav_heartseekers_of_slaanesh_ror_0	wh3_dlc27_sla_masque_of_slaanesh	true
wh3_twa07_sla_cav_heartseekers_of_slaanesh_ror_0	wh3_dlc27_sla_the_tormentors	true
wh3_twa07_sla_cav_heartseekers_of_slaanesh_ror_0	wh3_main_dae_daemon_prince	true
wh3_twa07_sla_cav_heartseekers_of_slaanesh_ror_0	wh3_main_sla_seducers_of_slaanesh	true
wh3_twa07_tze_cav_doom_knights_ror_0	wh3_dlc20_chs_kholek	true
wh3_twa07_tze_cav_doom_knights_ror_0	wh3_dlc20_chs_sigvald	true
wh3_twa07_tze_cav_doom_knights_ror_0	wh3_dlc20_chs_vilitch	true
wh3_twa07_tze_cav_doom_knights_ror_0	wh3_dlc24_tze_the_deceivers	true
wh3_twa07_tze_cav_doom_knights_ror_0	wh3_main_chs_shadow_legion	true
wh3_twa07_tze_cav_doom_knights_ror_0	wh3_main_dae_daemon_prince	true
wh3_twa07_tze_cav_doom_knights_ror_0	wh3_main_tze_oracles_of_tzeentch	true
wh3_twa07_tze_cav_doom_knights_ror_0	wh_main_chs_chaos	true
wh3_twa08_cth_mon_terracotta_sentinel_0_ror	wh3_dlc24_cth_the_celestial_court	true
wh3_twa08_cth_mon_terracotta_sentinel_0_ror	wh3_main_cth_the_northern_provinces	true
wh3_twa08_cth_mon_terracotta_sentinel_0_ror	wh3_main_cth_the_western_provinces	true
wh3_twa08_kho_mon_bloodthirster_0_ror	wh3_dlc20_chs_kholek	true
wh3_twa08_kho_mon_bloodthirster_0_ror	wh3_dlc20_chs_sigvald	true
wh3_twa08_kho_mon_bloodthirster_0_ror	wh3_dlc20_chs_valkia	true
wh3_twa08_kho_mon_bloodthirster_0_ror	wh3_dlc26_kho_arbaal	true
wh3_twa08_kho_mon_bloodthirster_0_ror	wh3_dlc26_kho_skulltaker	true
wh3_twa08_kho_mon_bloodthirster_0_ror	wh3_main_chs_shadow_legion	true
wh3_twa08_kho_mon_bloodthirster_0_ror	wh3_main_dae_daemon_prince	true
wh3_twa08_kho_mon_bloodthirster_0_ror	wh3_main_kho_exiles_of_khorne	true
wh3_twa08_kho_mon_bloodthirster_0_ror	wh_main_chs_chaos	true
wh3_twa08_ksl_mon_elemental_bear_0_ror	wh3_dlc24_ksl_daughters_of_the_forest	true
wh3_twa08_ksl_mon_elemental_bear_0_ror	wh3_main_ksl_the_great_orthodoxy	true
wh3_twa08_ksl_mon_elemental_bear_0_ror	wh3_main_ksl_the_ice_court	true
wh3_twa08_ksl_mon_elemental_bear_0_ror	wh3_main_ksl_ursun_revivalists	true
wh3_twa08_nur_mon_great_unclean_one_0_ror	wh3_dlc20_chs_festus	true
wh3_twa08_nur_mon_great_unclean_one_0_ror	wh3_dlc20_chs_kholek	true
wh3_twa08_nur_mon_great_unclean_one_0_ror	wh3_dlc20_chs_sigvald	true
wh3_twa08_nur_mon_great_unclean_one_0_ror	wh3_dlc25_nur_epidemius	true
wh3_twa08_nur_mon_great_unclean_one_0_ror	wh3_dlc25_nur_tamurkhan	true
wh3_twa08_nur_mon_great_unclean_one_0_ror	wh3_main_chs_shadow_legion	true
wh3_twa08_nur_mon_great_unclean_one_0_ror	wh3_main_dae_daemon_prince	true
wh3_twa08_nur_mon_great_unclean_one_0_ror	wh3_main_nur_poxmakers_of_nurgle	true
wh3_twa08_nur_mon_great_unclean_one_0_ror	wh_main_chs_chaos	true
wh3_twa08_ogr_mon_stonehorn_0_ror	wh3_dlc26_ogr_golgfag	true
wh3_twa08_ogr_mon_stonehorn_0_ror	wh3_main_ogr_disciples_of_the_maw	true
wh3_twa08_ogr_mon_stonehorn_0_ror	wh3_main_ogr_goldtooth	true
wh3_twa08_sla_mon_keeper_of_secrets_0_ror	wh3_dlc20_chs_azazel	true
wh3_twa08_sla_mon_keeper_of_secrets_0_ror	wh3_dlc20_chs_kholek	true
wh3_twa08_sla_mon_keeper_of_secrets_0_ror	wh3_dlc20_chs_sigvald	true
wh3_twa08_sla_mon_keeper_of_secrets_0_ror	wh3_dlc27_sla_masque_of_slaanesh	true
wh3_twa08_sla_mon_keeper_of_secrets_0_ror	wh3_dlc27_sla_the_tormentors	true
wh3_twa08_sla_mon_keeper_of_secrets_0_ror	wh3_main_chs_shadow_legion	true
wh3_twa08_sla_mon_keeper_of_secrets_0_ror	wh3_main_dae_daemon_prince	true
wh3_twa08_sla_mon_keeper_of_secrets_0_ror	wh3_main_sla_seducers_of_slaanesh	true
wh3_twa08_sla_mon_keeper_of_secrets_0_ror	wh_main_chs_chaos	true
wh3_twa08_tze_mon_lord_of_change_0_ror	wh3_dlc20_chs_kholek	true
wh3_twa08_tze_mon_lord_of_change_0_ror	wh3_dlc20_chs_sigvald	true
wh3_twa08_tze_mon_lord_of_change_0_ror	wh3_dlc20_chs_vilitch	true
wh3_twa08_tze_mon_lord_of_change_0_ror	wh3_dlc24_tze_the_deceivers	true
wh3_twa08_tze_mon_lord_of_change_0_ror	wh3_main_chs_shadow_legion	true
wh3_twa08_tze_mon_lord_of_change_0_ror	wh3_main_dae_daemon_prince	true
wh3_twa08_tze_mon_lord_of_change_0_ror	wh3_main_tze_oracles_of_tzeentch	true
wh3_twa08_tze_mon_lord_of_change_0_ror	wh_main_chs_chaos	true
wh3_twa10_cth_inf_peasant_archers_ror	wh3_main_cth_the_northern_provinces	true
wh3_twa10_cth_inf_peasant_archers_ror	wh3_main_cth_the_western_provinces	true
wh3_twa10_kho_inf_flesh_hounds_of_khorne_ror	wh3_dlc20_chs_kholek	true
wh3_twa10_kho_inf_flesh_hounds_of_khorne_ror	wh3_dlc20_chs_sigvald	true
wh3_twa10_kho_inf_flesh_hounds_of_khorne_ror	wh3_dlc20_chs_valkia	true
wh3_twa10_kho_inf_flesh_hounds_of_khorne_ror	wh3_dlc26_kho_arbaal	true
wh3_twa10_kho_inf_flesh_hounds_of_khorne_ror	wh3_dlc26_kho_skulltaker	true
wh3_twa10_kho_inf_flesh_hounds_of_khorne_ror	wh3_main_chs_shadow_legion	true
wh3_twa10_kho_inf_flesh_hounds_of_khorne_ror	wh3_main_dae_daemon_prince	true
wh3_twa10_kho_inf_flesh_hounds_of_khorne_ror	wh3_main_kho_exiles_of_khorne	true
wh3_twa10_kho_inf_flesh_hounds_of_khorne_ror	wh_main_chs_chaos	true
wh3_twa10_ksl_inf_armoured_kossars_ror	wh3_main_ksl_the_great_orthodoxy	true
wh3_twa10_ksl_inf_armoured_kossars_ror	wh3_main_ksl_the_ice_court	true
wh3_twa10_ksl_inf_armoured_kossars_ror	wh3_main_ksl_ursun_revivalists	true
wh3_twa10_nur_inf_nurglings_ror	wh3_dlc20_chs_festus	true
wh3_twa10_nur_inf_nurglings_ror	wh3_dlc20_chs_kholek	true
wh3_twa10_nur_inf_nurglings_ror	wh3_dlc20_chs_sigvald	true
wh3_twa10_nur_inf_nurglings_ror	wh3_dlc25_nur_epidemius	true
wh3_twa10_nur_inf_nurglings_ror	wh3_dlc25_nur_tamurkhan	true
wh3_twa10_nur_inf_nurglings_ror	wh3_main_chs_shadow_legion	true
wh3_twa10_nur_inf_nurglings_ror	wh3_main_dae_daemon_prince	true
wh3_twa10_nur_inf_nurglings_ror	wh3_main_nur_poxmakers_of_nurgle	true
wh3_twa10_nur_inf_nurglings_ror	wh_main_chs_chaos	true
wh3_twa10_ogr_inf_gnoblars_ror	wh3_dlc26_ogr_golgfag	true
wh3_twa10_ogr_inf_gnoblars_ror	wh3_main_ogr_disciples_of_the_maw	true
wh3_twa10_ogr_inf_gnoblars_ror	wh3_main_ogr_goldtooth	true
wh3_twa10_sla_inf_marauders_spears_ror	wh3_dlc27_sla_masque_of_slaanesh	true
wh3_twa10_sla_inf_marauders_spears_ror	wh3_dlc27_sla_the_tormentors	true
wh3_twa10_sla_inf_marauders_spears_ror	wh3_main_dae_daemon_prince	true
wh3_twa10_sla_inf_marauders_spears_ror	wh3_main_sla_seducers_of_slaanesh	true
wh3_twa10_tze_inf_blue_horrors_ror	wh3_dlc20_chs_kholek	true
wh3_twa10_tze_inf_blue_horrors_ror	wh3_dlc20_chs_sigvald	true
wh3_twa10_tze_inf_blue_horrors_ror	wh3_dlc20_chs_vilitch	true
wh3_twa10_tze_inf_blue_horrors_ror	wh3_main_chs_shadow_legion	true
wh3_twa10_tze_inf_blue_horrors_ror	wh3_main_dae_daemon_prince	true
wh3_twa10_tze_inf_blue_horrors_ror	wh3_main_tze_oracles_of_tzeentch	true
wh3_twa10_tze_inf_blue_horrors_ror	wh_main_chs_chaos	true
wh_dlc01_chs_mon_dragon_ogre_shaggoth	wh3_dlc27_nor_sayl	true
wh_dlc01_chs_mon_dragon_ogre_shaggoth	wh_dlc08_nor_norsca	true
wh_dlc01_chs_mon_dragon_ogre_shaggoth	wh_dlc08_nor_wintertooth	true
wh_dlc01_chs_mon_trolls_1	wh_dlc08_nor_wintertooth	true
wh_dlc03_bst_inf_cygor_0	wh3_dlc25_nur_tamurkhan	true
wh_dlc03_bst_inf_cygor_0	wh3_dlc27_nor_sayl	true
wh_dlc03_bst_inf_cygor_0	wh_dlc08_nor_norsca	true
wh_dlc03_bst_inf_cygor_0	wh_dlc08_nor_wintertooth	true
wh_dlc03_bst_mon_giant_0	wh3_dlc25_nur_tamurkhan	true
wh_dlc04_emp_art_hammer_of_the_witches_0	wh2_dlc13_emp_golden_order	true
wh_dlc04_emp_art_hammer_of_the_witches_0	wh2_dlc13_emp_the_huntmarshals_expedition	true
wh_dlc04_emp_art_hammer_of_the_witches_0	wh3_main_emp_cult_of_sigmar	true
wh_dlc04_emp_art_hammer_of_the_witches_0	wh_main_emp_empire	true
wh_dlc04_emp_art_hammer_of_the_witches_0	wh_main_emp_wissenland	true
wh_dlc04_emp_art_sunmaker_0	wh2_dlc13_emp_golden_order	true
wh_dlc04_emp_art_sunmaker_0	wh2_dlc13_emp_the_huntmarshals_expedition	true
wh_dlc04_emp_art_sunmaker_0	wh3_main_emp_cult_of_sigmar	true
wh_dlc04_emp_art_sunmaker_0	wh_main_emp_empire	true
wh_dlc04_emp_art_sunmaker_0	wh_main_emp_wissenland	true
wh_dlc04_emp_cav_royal_altdorf_gryphites_0	wh2_dlc13_emp_golden_order	true
wh_dlc04_emp_cav_royal_altdorf_gryphites_0	wh2_dlc13_emp_the_huntmarshals_expedition	true
wh_dlc04_emp_cav_royal_altdorf_gryphites_0	wh3_main_emp_cult_of_sigmar	true
wh_dlc04_emp_cav_royal_altdorf_gryphites_0	wh_main_emp_empire	true
wh_dlc04_emp_cav_royal_altdorf_gryphites_0	wh_main_emp_wissenland	true
wh_dlc04_emp_cav_zintlers_reiksguard_0	wh2_dlc13_emp_golden_order	true
wh_dlc04_emp_cav_zintlers_reiksguard_0	wh2_dlc13_emp_the_huntmarshals_expedition	true
wh_dlc04_emp_cav_zintlers_reiksguard_0	wh3_main_emp_cult_of_sigmar	true
wh_dlc04_emp_cav_zintlers_reiksguard_0	wh_main_emp_empire	true
wh_dlc04_emp_cav_zintlers_reiksguard_0	wh_main_emp_wissenland	true
wh_dlc04_emp_inf_sigmars_sons_0	wh2_dlc13_emp_golden_order	true
wh_dlc04_emp_inf_sigmars_sons_0	wh2_dlc13_emp_the_huntmarshals_expedition	true
wh_dlc04_emp_inf_sigmars_sons_0	wh3_main_emp_cult_of_sigmar	true
wh_dlc04_emp_inf_sigmars_sons_0	wh_main_emp_empire	true
wh_dlc04_emp_inf_sigmars_sons_0	wh_main_emp_wissenland	true
wh_dlc04_emp_inf_silver_bullets_0	wh2_dlc13_emp_golden_order	true
wh_dlc04_emp_inf_silver_bullets_0	wh2_dlc13_emp_the_huntmarshals_expedition	true
wh_dlc04_emp_inf_silver_bullets_0	wh3_main_emp_cult_of_sigmar	true
wh_dlc04_emp_inf_silver_bullets_0	wh_main_emp_empire	true
wh_dlc04_emp_inf_silver_bullets_0	wh_main_emp_wissenland	true
wh_dlc04_emp_inf_stirlands_revenge_0	wh2_dlc13_emp_golden_order	true
wh_dlc04_emp_inf_stirlands_revenge_0	wh2_dlc13_emp_the_huntmarshals_expedition	true
wh_dlc04_emp_inf_stirlands_revenge_0	wh3_main_emp_cult_of_sigmar	true
wh_dlc04_emp_inf_stirlands_revenge_0	wh_main_emp_empire	true
wh_dlc04_emp_inf_stirlands_revenge_0	wh_main_emp_wissenland	true
wh_dlc04_emp_inf_tattersouls_0	wh2_dlc13_emp_golden_order	true
wh_dlc04_emp_inf_tattersouls_0	wh2_dlc13_emp_the_huntmarshals_expedition	true
wh_dlc04_emp_inf_tattersouls_0	wh3_main_emp_cult_of_sigmar	true
wh_dlc04_emp_inf_tattersouls_0	wh_main_emp_empire	true
wh_dlc04_emp_inf_tattersouls_0	wh_main_emp_wissenland	true
wh_dlc04_emp_veh_templehof_luminark_0	wh2_dlc13_emp_golden_order	true
wh_dlc04_emp_veh_templehof_luminark_0	wh2_dlc13_emp_the_huntmarshals_expedition	true
wh_dlc04_emp_veh_templehof_luminark_0	wh3_main_emp_cult_of_sigmar	true
wh_dlc04_emp_veh_templehof_luminark_0	wh_main_emp_empire	true
wh_dlc04_emp_veh_templehof_luminark_0	wh_main_emp_wissenland	true
wh_dlc04_vmp_cav_chillgheists_0	wh_main_vmp_vampire_counts	true
wh_dlc04_vmp_cav_vereks_reavers_0	wh_main_vmp_vampire_counts	true
wh_dlc04_vmp_inf_feasters_in_the_dusk_0	wh_main_vmp_vampire_counts	true
wh_dlc04_vmp_inf_konigstein_stalkers_0	wh_main_vmp_vampire_counts	true
wh_dlc04_vmp_inf_sternsmen_0	wh_main_vmp_vampire_counts	true
wh_dlc04_vmp_inf_tithe_0	wh_main_vmp_vampire_counts	true
wh_dlc04_vmp_mon_devils_swartzhafen_0	wh_main_vmp_vampire_counts	true
wh_dlc04_vmp_mon_direpack_0	wh_main_vmp_vampire_counts	true
wh_dlc04_vmp_veh_claw_of_nagash_0	wh_main_vmp_vampire_counts	true
wh_dlc05_wef_cav_glade_riders_0	wh3_dlc21_wef_spirits_of_shanlin	false
wh_dlc05_wef_cav_glade_riders_1	wh3_dlc21_wef_spirits_of_shanlin	false
wh_dlc05_wef_cav_hawk_riders_0	wh3_dlc21_wef_spirits_of_shanlin	false
wh_dlc05_wef_cha_waystalker_0	wh3_dlc21_wef_spirits_of_shanlin	false
wh_dlc05_wef_inf_deepwood_scouts_0	wh3_dlc21_wef_spirits_of_shanlin	false
wh_dlc05_wef_inf_deepwood_scouts_1	wh3_dlc21_wef_spirits_of_shanlin	false
wh_dlc05_wef_inf_eternal_guard_0	wh3_dlc21_wef_spirits_of_shanlin	false
wh_dlc05_wef_inf_eternal_guard_1	wh3_dlc21_wef_spirits_of_shanlin	false
wh_dlc05_wef_inf_glade_guard_0	wh3_dlc21_wef_spirits_of_shanlin	false
wh_dlc05_wef_inf_glade_guard_1	wh3_dlc21_wef_spirits_of_shanlin	false
wh_dlc05_wef_inf_glade_guard_2	wh3_dlc21_wef_spirits_of_shanlin	false
wh_dlc05_wef_inf_wardancers_0	wh3_dlc21_wef_spirits_of_shanlin	false
wh_dlc05_wef_inf_wardancers_1	wh3_dlc21_wef_spirits_of_shanlin	false
wh_dlc05_wef_inf_wildwood_rangers_0	wh3_dlc21_wef_spirits_of_shanlin	false
wh_dlc06_chs_feral_manticore	wh3_dlc27_nor_sayl	true
wh_dlc06_chs_feral_manticore	wh_dlc08_nor_norsca	true
wh_dlc06_chs_feral_manticore	wh_dlc08_nor_wintertooth	true
wh_dlc06_dwf_art_gob_lobber_0	wh2_dlc17_dwf_thorek_ironbrow	true
wh_dlc06_dwf_art_gob_lobber_0	wh3_dlc25_dwf_malakai	true
wh_dlc06_dwf_art_gob_lobber_0	wh3_main_dwf_the_ancestral_throng	true
wh_dlc06_dwf_art_gob_lobber_0	wh_main_dwf_dwarfs	true
wh_dlc06_dwf_art_gob_lobber_0	wh_main_dwf_karak_izor	true
wh_dlc06_dwf_art_gob_lobber_0	wh_main_dwf_karak_kadrin	true
wh_dlc06_dwf_inf_dragonback_slayers_0	wh2_dlc17_dwf_thorek_ironbrow	true
wh_dlc06_dwf_inf_dragonback_slayers_0	wh3_dlc25_dwf_malakai	true
wh_dlc06_dwf_inf_dragonback_slayers_0	wh3_main_dwf_the_ancestral_throng	true
wh_dlc06_dwf_inf_dragonback_slayers_0	wh_main_dwf_dwarfs	true
wh_dlc06_dwf_inf_dragonback_slayers_0	wh_main_dwf_karak_izor	true
wh_dlc06_dwf_inf_dragonback_slayers_0	wh_main_dwf_karak_kadrin	true
wh_dlc06_dwf_inf_ekrund_miners_0	wh2_dlc17_dwf_thorek_ironbrow	true
wh_dlc06_dwf_inf_ekrund_miners_0	wh3_dlc25_dwf_malakai	true
wh_dlc06_dwf_inf_ekrund_miners_0	wh3_main_dwf_the_ancestral_throng	true
wh_dlc06_dwf_inf_ekrund_miners_0	wh_main_dwf_dwarfs	true
wh_dlc06_dwf_inf_ekrund_miners_0	wh_main_dwf_karak_izor	true
wh_dlc06_dwf_inf_ekrund_miners_0	wh_main_dwf_karak_kadrin	true
wh_dlc06_dwf_inf_norgrimlings_ironbreakers_0	wh2_dlc17_dwf_thorek_ironbrow	true
wh_dlc06_dwf_inf_norgrimlings_ironbreakers_0	wh3_dlc25_dwf_malakai	true
wh_dlc06_dwf_inf_norgrimlings_ironbreakers_0	wh3_main_dwf_the_ancestral_throng	true
wh_dlc06_dwf_inf_norgrimlings_ironbreakers_0	wh_main_dwf_dwarfs	true
wh_dlc06_dwf_inf_norgrimlings_ironbreakers_0	wh_main_dwf_karak_izor	true
wh_dlc06_dwf_inf_norgrimlings_ironbreakers_0	wh_main_dwf_karak_kadrin	true
wh_dlc06_dwf_inf_norgrimlings_irondrakes_0	wh2_dlc17_dwf_thorek_ironbrow	true
wh_dlc06_dwf_inf_norgrimlings_irondrakes_0	wh3_dlc25_dwf_malakai	true
wh_dlc06_dwf_inf_norgrimlings_irondrakes_0	wh3_main_dwf_the_ancestral_throng	true
wh_dlc06_dwf_inf_norgrimlings_irondrakes_0	wh_main_dwf_dwarfs	true
wh_dlc06_dwf_inf_norgrimlings_irondrakes_0	wh_main_dwf_karak_izor	true
wh_dlc06_dwf_inf_norgrimlings_irondrakes_0	wh_main_dwf_karak_kadrin	true
wh_dlc06_dwf_inf_old_grumblers_0	wh2_dlc17_dwf_thorek_ironbrow	true
wh_dlc06_dwf_inf_old_grumblers_0	wh3_dlc25_dwf_malakai	true
wh_dlc06_dwf_inf_old_grumblers_0	wh3_main_dwf_the_ancestral_throng	true
wh_dlc06_dwf_inf_old_grumblers_0	wh_main_dwf_dwarfs	true
wh_dlc06_dwf_inf_old_grumblers_0	wh_main_dwf_karak_izor	true
wh_dlc06_dwf_inf_old_grumblers_0	wh_main_dwf_karak_kadrin	true
wh_dlc06_dwf_inf_peak_gate_guard_0	wh2_dlc17_dwf_thorek_ironbrow	true
wh_dlc06_dwf_inf_peak_gate_guard_0	wh3_dlc25_dwf_malakai	true
wh_dlc06_dwf_inf_peak_gate_guard_0	wh3_main_dwf_the_ancestral_throng	true
wh_dlc06_dwf_inf_peak_gate_guard_0	wh_main_dwf_dwarfs	true
wh_dlc06_dwf_inf_peak_gate_guard_0	wh_main_dwf_karak_izor	true
wh_dlc06_dwf_inf_peak_gate_guard_0	wh_main_dwf_karak_kadrin	true
wh_dlc06_dwf_inf_ulthars_raiders_0	wh2_dlc17_dwf_thorek_ironbrow	true
wh_dlc06_dwf_inf_ulthars_raiders_0	wh3_dlc25_dwf_malakai	true
wh_dlc06_dwf_inf_ulthars_raiders_0	wh3_main_dwf_the_ancestral_throng	true
wh_dlc06_dwf_inf_ulthars_raiders_0	wh_main_dwf_dwarfs	true
wh_dlc06_dwf_inf_ulthars_raiders_0	wh_main_dwf_karak_izor	true
wh_dlc06_dwf_inf_ulthars_raiders_0	wh_main_dwf_karak_kadrin	true
wh_dlc06_dwf_inf_warriors_dragonfire_pass_0	wh2_dlc17_dwf_thorek_ironbrow	true
wh_dlc06_dwf_inf_warriors_dragonfire_pass_0	wh3_dlc25_dwf_malakai	true
wh_dlc06_dwf_inf_warriors_dragonfire_pass_0	wh3_main_dwf_the_ancestral_throng	true
wh_dlc06_dwf_inf_warriors_dragonfire_pass_0	wh_main_dwf_dwarfs	true
wh_dlc06_dwf_inf_warriors_dragonfire_pass_0	wh_main_dwf_karak_izor	true
wh_dlc06_dwf_inf_warriors_dragonfire_pass_0	wh_main_dwf_karak_kadrin	true
wh_dlc06_dwf_veh_skyhammer_0	wh2_dlc17_dwf_thorek_ironbrow	true
wh_dlc06_dwf_veh_skyhammer_0	wh3_dlc25_dwf_malakai	true
wh_dlc06_dwf_veh_skyhammer_0	wh3_main_dwf_the_ancestral_throng	true
wh_dlc06_dwf_veh_skyhammer_0	wh_main_dwf_dwarfs	true
wh_dlc06_dwf_veh_skyhammer_0	wh_main_dwf_karak_izor	true
wh_dlc06_dwf_veh_skyhammer_0	wh_main_dwf_karak_kadrin	true
wh_dlc06_grn_art_hammer_of_gork_0	wh2_dlc15_grn_bonerattlaz	true
wh_dlc06_grn_art_hammer_of_gork_0	wh2_dlc15_grn_broken_axe	true
wh_dlc06_grn_art_hammer_of_gork_0	wh3_dlc26_grn_gorbad_ironclaw	true
wh_dlc06_grn_art_hammer_of_gork_0	wh_main_grn_crooked_moon	true
wh_dlc06_grn_art_hammer_of_gork_0	wh_main_grn_greenskins	true
wh_dlc06_grn_art_hammer_of_gork_0	wh_main_grn_orcs_of_the_bloody_hand	true
wh_dlc06_grn_cav_broken_tusks_mob_0	wh2_dlc15_grn_bonerattlaz	true
wh_dlc06_grn_cav_broken_tusks_mob_0	wh2_dlc15_grn_broken_axe	true
wh_dlc06_grn_cav_broken_tusks_mob_0	wh3_dlc26_grn_gorbad_ironclaw	true
wh_dlc06_grn_cav_broken_tusks_mob_0	wh_main_grn_crooked_moon	true
wh_dlc06_grn_cav_broken_tusks_mob_0	wh_main_grn_greenskins	true
wh_dlc06_grn_cav_broken_tusks_mob_0	wh_main_grn_orcs_of_the_bloody_hand	true
wh_dlc06_grn_cav_deff_creepers_0	wh2_dlc15_grn_bonerattlaz	true
wh_dlc06_grn_cav_deff_creepers_0	wh2_dlc15_grn_broken_axe	true
wh_dlc06_grn_cav_deff_creepers_0	wh3_dlc26_grn_gorbad_ironclaw	true
wh_dlc06_grn_cav_deff_creepers_0	wh_main_grn_crooked_moon	true
wh_dlc06_grn_cav_deff_creepers_0	wh_main_grn_greenskins	true
wh_dlc06_grn_cav_deff_creepers_0	wh_main_grn_orcs_of_the_bloody_hand	true
wh_dlc06_grn_cav_durkits_squigs_0	wh2_dlc15_grn_bonerattlaz	true
wh_dlc06_grn_cav_durkits_squigs_0	wh2_dlc15_grn_broken_axe	true
wh_dlc06_grn_cav_durkits_squigs_0	wh3_dlc26_grn_gorbad_ironclaw	true
wh_dlc06_grn_cav_durkits_squigs_0	wh_main_grn_crooked_moon	true
wh_dlc06_grn_cav_durkits_squigs_0	wh_main_grn_greenskins	true
wh_dlc06_grn_cav_durkits_squigs_0	wh_main_grn_orcs_of_the_bloody_hand	true
wh_dlc06_grn_cav_mogrubbs_marauders_0	wh2_dlc15_grn_bonerattlaz	true
wh_dlc06_grn_cav_mogrubbs_marauders_0	wh2_dlc15_grn_broken_axe	true
wh_dlc06_grn_cav_mogrubbs_marauders_0	wh3_dlc26_grn_gorbad_ironclaw	true
wh_dlc06_grn_cav_mogrubbs_marauders_0	wh_main_grn_crooked_moon	true
wh_dlc06_grn_cav_mogrubbs_marauders_0	wh_main_grn_greenskins	true
wh_dlc06_grn_cav_mogrubbs_marauders_0	wh_main_grn_orcs_of_the_bloody_hand	true
wh_dlc06_grn_cav_moon_howlers_0	wh2_dlc15_grn_bonerattlaz	true
wh_dlc06_grn_cav_moon_howlers_0	wh2_dlc15_grn_broken_axe	true
wh_dlc06_grn_cav_moon_howlers_0	wh3_dlc26_grn_gorbad_ironclaw	true
wh_dlc06_grn_cav_moon_howlers_0	wh_main_grn_crooked_moon	true
wh_dlc06_grn_cav_moon_howlers_0	wh_main_grn_greenskins	true
wh_dlc06_grn_cav_moon_howlers_0	wh_main_grn_orcs_of_the_bloody_hand	true
wh_dlc06_grn_cav_teef_robbers_0	wh2_dlc15_grn_bonerattlaz	true
wh_dlc06_grn_cav_teef_robbers_0	wh2_dlc15_grn_broken_axe	true
wh_dlc06_grn_cav_teef_robbers_0	wh3_dlc26_grn_gorbad_ironclaw	true
wh_dlc06_grn_cav_teef_robbers_0	wh_main_grn_crooked_moon	true
wh_dlc06_grn_cav_teef_robbers_0	wh_main_grn_greenskins	true
wh_dlc06_grn_cav_teef_robbers_0	wh_main_grn_orcs_of_the_bloody_hand	true
wh_dlc06_grn_inf_da_eight_peaks_loonies_0	wh2_dlc15_grn_bonerattlaz	true
wh_dlc06_grn_inf_da_eight_peaks_loonies_0	wh2_dlc15_grn_broken_axe	true
wh_dlc06_grn_inf_da_eight_peaks_loonies_0	wh3_dlc26_grn_gorbad_ironclaw	true
wh_dlc06_grn_inf_da_eight_peaks_loonies_0	wh_main_grn_crooked_moon	true
wh_dlc06_grn_inf_da_eight_peaks_loonies_0	wh_main_grn_greenskins	true
wh_dlc06_grn_inf_da_eight_peaks_loonies_0	wh_main_grn_orcs_of_the_bloody_hand	true
wh_dlc06_grn_inf_da_rusty_arrers_0	wh2_dlc15_grn_bonerattlaz	true
wh_dlc06_grn_inf_da_rusty_arrers_0	wh2_dlc15_grn_broken_axe	true
wh_dlc06_grn_inf_da_rusty_arrers_0	wh3_dlc26_grn_gorbad_ironclaw	true
wh_dlc06_grn_inf_da_rusty_arrers_0	wh_main_grn_crooked_moon	true
wh_dlc06_grn_inf_da_rusty_arrers_0	wh_main_grn_greenskins	true
wh_dlc06_grn_inf_da_rusty_arrers_0	wh_main_grn_orcs_of_the_bloody_hand	true
wh_dlc06_grn_inf_da_warlords_boyz_0	wh2_dlc15_grn_bonerattlaz	true
wh_dlc06_grn_inf_da_warlords_boyz_0	wh2_dlc15_grn_broken_axe	true
wh_dlc06_grn_inf_da_warlords_boyz_0	wh3_dlc26_grn_gorbad_ironclaw	true
wh_dlc06_grn_inf_da_warlords_boyz_0	wh_main_grn_crooked_moon	true
wh_dlc06_grn_inf_da_warlords_boyz_0	wh_main_grn_greenskins	true
wh_dlc06_grn_inf_da_warlords_boyz_0	wh_main_grn_orcs_of_the_bloody_hand	true
wh_dlc06_grn_inf_krimson_killerz_0	wh2_dlc15_grn_bonerattlaz	true
wh_dlc06_grn_inf_krimson_killerz_0	wh2_dlc15_grn_broken_axe	true
wh_dlc06_grn_inf_krimson_killerz_0	wh3_dlc26_grn_gorbad_ironclaw	true
wh_dlc06_grn_inf_krimson_killerz_0	wh_main_grn_crooked_moon	true
wh_dlc06_grn_inf_krimson_killerz_0	wh_main_grn_greenskins	true
wh_dlc06_grn_inf_krimson_killerz_0	wh_main_grn_orcs_of_the_bloody_hand	true
wh_dlc06_grn_mon_venom_queen_0	wh2_dlc15_grn_bonerattlaz	true
wh_dlc06_grn_mon_venom_queen_0	wh2_dlc15_grn_broken_axe	true
wh_dlc06_grn_mon_venom_queen_0	wh3_dlc26_grn_gorbad_ironclaw	true
wh_dlc06_grn_mon_venom_queen_0	wh_main_grn_crooked_moon	true
wh_dlc06_grn_mon_venom_queen_0	wh_main_grn_greenskins	true
wh_dlc06_grn_mon_venom_queen_0	wh_main_grn_orcs_of_the_bloody_hand	true
wh_dlc08_nor_art_hellcannon_battery	wh3_dlc23_chd_astragoth	true
wh_dlc08_nor_art_hellcannon_battery	wh3_dlc23_chd_chaos_dwarfs	true
wh_dlc08_nor_art_hellcannon_battery	wh3_dlc23_chd_legion_of_azgorh	true
wh_dlc08_nor_art_hellcannon_battery	wh3_dlc23_chd_zhatan	true
wh_dlc08_nor_art_hellcannon_battery	wh3_dlc27_nor_sayl	true
wh_dlc08_nor_art_hellcannon_battery	wh_dlc08_nor_norsca	true
wh_dlc08_nor_art_hellcannon_battery	wh_dlc08_nor_wintertooth	true
wh_dlc08_nor_feral_manticore	wh3_dlc27_nor_sayl	true
wh_dlc08_nor_feral_manticore	wh_dlc08_nor_norsca	true
wh_dlc08_nor_feral_manticore	wh_dlc08_nor_wintertooth	true
wh_dlc08_nor_mon_frost_wyrm_ror_0	wh3_dlc27_nor_sayl	true
wh_dlc08_nor_mon_frost_wyrm_ror_0	wh_dlc08_nor_norsca	true
wh_dlc08_nor_mon_frost_wyrm_ror_0	wh_dlc08_nor_wintertooth	true
wh_dlc08_nor_mon_war_mammoth_boss	wh3_dlc27_nor_sayl	true
wh_dlc08_nor_mon_war_mammoth_boss	wh_dlc08_nor_norsca	true
wh_dlc08_nor_mon_war_mammoth_boss	wh_dlc08_nor_wintertooth	true
wh_main_chs_art_hellcannon	wh3_dlc25_nur_tamurkhan	true
wh_main_chs_mon_trolls	wh_dlc08_nor_wintertooth	true
wh_main_emp_veh_steam_tank	wh3_dlc24_tze_the_deceivers	true
wh_main_grn_mon_arachnarok_spider_0	wh3_dlc27_nor_sayl	true
wh_main_grn_mon_arachnarok_spider_0	wh_dlc08_nor_norsca	true
wh_main_grn_mon_arachnarok_spider_0	wh_dlc08_nor_wintertooth	true
wh_pro04_brt_cav_knights_errant_ror_0	wh2_dlc14_brt_chevaliers_de_lyonesse	true
wh_pro04_brt_cav_knights_errant_ror_0	wh_main_brt_bordeleaux	true
wh_pro04_brt_cav_knights_errant_ror_0	wh_main_brt_bretonnia	true
wh_pro04_brt_cav_knights_errant_ror_0	wh_main_brt_carcassonne	true
wh_pro04_brt_cav_knights_of_the_realm_ror_0	wh2_dlc14_brt_chevaliers_de_lyonesse	true
wh_pro04_brt_cav_knights_of_the_realm_ror_0	wh_main_brt_bordeleaux	true
wh_pro04_brt_cav_knights_of_the_realm_ror_0	wh_main_brt_bretonnia	true
wh_pro04_brt_cav_knights_of_the_realm_ror_0	wh_main_brt_carcassonne	true
wh_pro04_brt_cav_mounted_yeomen_ror_0	wh2_dlc14_brt_chevaliers_de_lyonesse	true
wh_pro04_brt_cav_mounted_yeomen_ror_0	wh_main_brt_bordeleaux	true
wh_pro04_brt_cav_mounted_yeomen_ror_0	wh_main_brt_bretonnia	true
wh_pro04_brt_cav_mounted_yeomen_ror_0	wh_main_brt_carcassonne	true
wh_pro04_brt_cav_questing_knights_ror_0	wh2_dlc14_brt_chevaliers_de_lyonesse	true
wh_pro04_brt_cav_questing_knights_ror_0	wh_main_brt_bordeleaux	true
wh_pro04_brt_cav_questing_knights_ror_0	wh_main_brt_bretonnia	true
wh_pro04_brt_cav_questing_knights_ror_0	wh_main_brt_carcassonne	true
wh_pro04_brt_inf_battle_pilgrims_ror_0	wh2_dlc14_brt_chevaliers_de_lyonesse	true
wh_pro04_brt_inf_battle_pilgrims_ror_0	wh_main_brt_bordeleaux	true
wh_pro04_brt_inf_battle_pilgrims_ror_0	wh_main_brt_bretonnia	true
wh_pro04_brt_inf_battle_pilgrims_ror_0	wh_main_brt_carcassonne	true
wh_pro04_brt_inf_foot_squires_ror_0	wh2_dlc14_brt_chevaliers_de_lyonesse	true
wh_pro04_brt_inf_foot_squires_ror_0	wh_main_brt_bordeleaux	true
wh_pro04_brt_inf_foot_squires_ror_0	wh_main_brt_bretonnia	true
wh_pro04_brt_inf_foot_squires_ror_0	wh_main_brt_carcassonne	true
wh_pro04_bst_inf_bestigor_herd_ror_0	wh2_dlc17_bst_malagor	true
wh_pro04_bst_inf_bestigor_herd_ror_0	wh2_dlc17_bst_taurox	true
wh_pro04_bst_inf_bestigor_herd_ror_0	wh_dlc03_bst_beastmen	true
wh_pro04_bst_inf_bestigor_herd_ror_0	wh_dlc05_bst_morghur_herd	true
wh_pro04_bst_inf_centigors_ror_0	wh2_dlc17_bst_malagor	true
wh_pro04_bst_inf_centigors_ror_0	wh2_dlc17_bst_taurox	true
wh_pro04_bst_inf_centigors_ror_0	wh_dlc03_bst_beastmen	true
wh_pro04_bst_inf_centigors_ror_0	wh_dlc05_bst_morghur_herd	true
wh_pro04_bst_inf_cygor_ror_0	wh2_dlc17_bst_malagor	true
wh_pro04_bst_inf_cygor_ror_0	wh2_dlc17_bst_taurox	true
wh_pro04_bst_inf_cygor_ror_0	wh_dlc03_bst_beastmen	true
wh_pro04_bst_inf_cygor_ror_0	wh_dlc05_bst_morghur_herd	true
wh_pro04_bst_inf_gor_herd_ror_0	wh2_dlc17_bst_malagor	true
wh_pro04_bst_inf_gor_herd_ror_0	wh2_dlc17_bst_taurox	true
wh_pro04_bst_inf_gor_herd_ror_0	wh_dlc03_bst_beastmen	true
wh_pro04_bst_inf_gor_herd_ror_0	wh_dlc05_bst_morghur_herd	true
wh_pro04_bst_inf_minotaurs_ror_0	wh2_dlc17_bst_malagor	true
wh_pro04_bst_inf_minotaurs_ror_0	wh2_dlc17_bst_taurox	true
wh_pro04_bst_inf_minotaurs_ror_0	wh_dlc03_bst_beastmen	true
wh_pro04_bst_inf_minotaurs_ror_0	wh_dlc05_bst_morghur_herd	true
wh_pro04_bst_inf_ungor_spearmen_ror_0	wh2_dlc17_bst_malagor	true
wh_pro04_bst_inf_ungor_spearmen_ror_0	wh2_dlc17_bst_taurox	true
wh_pro04_bst_inf_ungor_spearmen_ror_0	wh_dlc03_bst_beastmen	true
wh_pro04_bst_inf_ungor_spearmen_ror_0	wh_dlc05_bst_morghur_herd	true
wh_pro04_chs_art_hellcannon_ror_0	wh3_dlc20_chs_azazel	true
wh_pro04_chs_art_hellcannon_ror_0	wh3_dlc20_chs_festus	true
wh_pro04_chs_art_hellcannon_ror_0	wh3_dlc20_chs_kholek	true
wh_pro04_chs_art_hellcannon_ror_0	wh3_dlc20_chs_sigvald	true
wh_pro04_chs_art_hellcannon_ror_0	wh3_dlc20_chs_valkia	true
wh_pro04_chs_art_hellcannon_ror_0	wh3_dlc20_chs_vilitch	true
wh_pro04_chs_art_hellcannon_ror_0	wh3_dlc23_chd_astragoth	true
wh_pro04_chs_art_hellcannon_ror_0	wh3_dlc23_chd_chaos_dwarfs	true
wh_pro04_chs_art_hellcannon_ror_0	wh3_dlc23_chd_legion_of_azgorh	true
wh_pro04_chs_art_hellcannon_ror_0	wh3_dlc23_chd_zhatan	true
wh_pro04_chs_art_hellcannon_ror_0	wh3_main_chs_shadow_legion	true
wh_pro04_chs_art_hellcannon_ror_0	wh_main_chs_chaos	true
wh_pro04_chs_cav_chaos_knights_ror_0	wh3_dlc20_chs_azazel	true
wh_pro04_chs_cav_chaos_knights_ror_0	wh3_dlc20_chs_festus	true
wh_pro04_chs_cav_chaos_knights_ror_0	wh3_dlc20_chs_kholek	true
wh_pro04_chs_cav_chaos_knights_ror_0	wh3_dlc20_chs_sigvald	true
wh_pro04_chs_cav_chaos_knights_ror_0	wh3_dlc20_chs_valkia	true
wh_pro04_chs_cav_chaos_knights_ror_0	wh3_dlc20_chs_vilitch	true
wh_pro04_chs_cav_chaos_knights_ror_0	wh3_main_chs_shadow_legion	true
wh_pro04_chs_cav_chaos_knights_ror_0	wh_main_chs_chaos	true
wh_pro04_chs_inf_chaos_warriors_ror_0	wh3_dlc20_chs_azazel	true
wh_pro04_chs_inf_chaos_warriors_ror_0	wh3_dlc20_chs_kholek	true
wh_pro04_chs_inf_chaos_warriors_ror_0	wh3_dlc20_chs_sigvald	true
wh_pro04_chs_inf_chaos_warriors_ror_0	wh3_dlc27_sla_masque_of_slaanesh	true
wh_pro04_chs_inf_chaos_warriors_ror_0	wh3_dlc27_sla_the_tormentors	true
wh_pro04_chs_inf_chaos_warriors_ror_0	wh3_main_chs_shadow_legion	true
wh_pro04_chs_inf_chaos_warriors_ror_0	wh3_main_dae_daemon_prince	true
wh_pro04_chs_inf_chaos_warriors_ror_0	wh3_main_sla_seducers_of_slaanesh	true
wh_pro04_chs_inf_chaos_warriors_ror_0	wh_main_chs_chaos	true
wh_pro04_chs_inf_forsaken_ror_0	wh3_dlc20_chs_festus	true
wh_pro04_chs_inf_forsaken_ror_0	wh3_dlc20_chs_kholek	true
wh_pro04_chs_inf_forsaken_ror_0	wh3_dlc20_chs_sigvald	true
wh_pro04_chs_inf_forsaken_ror_0	wh3_dlc25_nur_epidemius	true
wh_pro04_chs_inf_forsaken_ror_0	wh3_dlc25_nur_tamurkhan	true
wh_pro04_chs_inf_forsaken_ror_0	wh3_main_chs_shadow_legion	true
wh_pro04_chs_inf_forsaken_ror_0	wh3_main_dae_daemon_prince	true
wh_pro04_chs_inf_forsaken_ror_0	wh3_main_nur_poxmakers_of_nurgle	true
wh_pro04_chs_inf_forsaken_ror_0	wh_main_chs_chaos	true
wh_pro04_chs_mon_chaos_spawn_ror_0	wh3_dlc20_chs_kholek	true
wh_pro04_chs_mon_chaos_spawn_ror_0	wh3_dlc20_chs_sigvald	true
wh_pro04_chs_mon_chaos_spawn_ror_0	wh3_dlc20_chs_vilitch	true
wh_pro04_chs_mon_chaos_spawn_ror_0	wh3_dlc24_tze_the_deceivers	true
wh_pro04_chs_mon_chaos_spawn_ror_0	wh3_main_chs_shadow_legion	true
wh_pro04_chs_mon_chaos_spawn_ror_0	wh3_main_dae_daemon_prince	true
wh_pro04_chs_mon_chaos_spawn_ror_0	wh3_main_tze_oracles_of_tzeentch	true
wh_pro04_chs_mon_chaos_spawn_ror_0	wh_main_chs_chaos	true
wh_pro04_chs_mon_dragon_ogre_ror_0	wh3_dlc20_chs_azazel	true
wh_pro04_chs_mon_dragon_ogre_ror_0	wh3_dlc20_chs_festus	true
wh_pro04_chs_mon_dragon_ogre_ror_0	wh3_dlc20_chs_kholek	true
wh_pro04_chs_mon_dragon_ogre_ror_0	wh3_dlc20_chs_sigvald	true
wh_pro04_chs_mon_dragon_ogre_ror_0	wh3_dlc20_chs_valkia	true
wh_pro04_chs_mon_dragon_ogre_ror_0	wh3_dlc20_chs_vilitch	true
wh_pro04_chs_mon_dragon_ogre_ror_0	wh3_main_chs_shadow_legion	true
wh_pro04_chs_mon_dragon_ogre_ror_0	wh_main_chs_chaos	true
wh_pro04_nor_inf_chaos_marauders_ror_0	wh3_dlc27_nor_sayl	true
wh_pro04_nor_inf_chaos_marauders_ror_0	wh_dlc08_nor_norsca	true
wh_pro04_nor_inf_chaos_marauders_ror_0	wh_dlc08_nor_wintertooth	true
wh_pro04_nor_inf_marauder_berserkers_ror_0	wh3_dlc20_chs_valkia	true
wh_pro04_nor_inf_marauder_berserkers_ror_0	wh3_dlc26_kho_arbaal	true
wh_pro04_nor_inf_marauder_berserkers_ror_0	wh3_dlc26_kho_skulltaker	true
wh_pro04_nor_inf_marauder_berserkers_ror_0	wh3_dlc27_nor_sayl	true
wh_pro04_nor_inf_marauder_berserkers_ror_0	wh3_main_dae_daemon_prince	true
wh_pro04_nor_inf_marauder_berserkers_ror_0	wh3_main_kho_exiles_of_khorne	true
wh_pro04_nor_inf_marauder_berserkers_ror_0	wh_dlc08_nor_norsca	true
wh_pro04_nor_inf_marauder_berserkers_ror_0	wh_dlc08_nor_wintertooth	true
wh_pro04_nor_mon_fimir_ror_0	wh3_dlc27_nor_sayl	true
wh_pro04_nor_mon_fimir_ror_0	wh_dlc08_nor_norsca	true
wh_pro04_nor_mon_fimir_ror_0	wh_dlc08_nor_wintertooth	true
wh_pro04_nor_mon_marauder_warwolves_ror_0	wh3_dlc27_nor_sayl	true
wh_pro04_nor_mon_marauder_warwolves_ror_0	wh_dlc08_nor_norsca	true
wh_pro04_nor_mon_marauder_warwolves_ror_0	wh_dlc08_nor_wintertooth	true
wh_pro04_nor_mon_skinwolves_ror_0	wh3_dlc27_nor_sayl	true
wh_pro04_nor_mon_skinwolves_ror_0	wh_dlc08_nor_norsca	true
wh_pro04_nor_mon_skinwolves_ror_0	wh_dlc08_nor_wintertooth	true
wh_pro04_nor_mon_war_mammoth_ror_0	wh3_dlc27_nor_sayl	true
wh_pro04_nor_mon_war_mammoth_ror_0	wh_dlc08_nor_norsca	true
wh_pro04_nor_mon_war_mammoth_ror_0	wh_dlc08_nor_wintertooth	true
wh_pro04_wef_cav_wild_riders_ror_0	wh2_dlc16_wef_drycha	true
wh_pro04_wef_cav_wild_riders_ror_0	wh2_dlc16_wef_sisters_of_twilight	true
wh_pro04_wef_cav_wild_riders_ror_0	wh_dlc05_wef_argwylon	true
wh_pro04_wef_cav_wild_riders_ror_0	wh_dlc05_wef_wood_elves	true
wh_pro04_wef_inf_eternal_guard_ror_0	wh2_dlc16_wef_drycha	true
wh_pro04_wef_inf_eternal_guard_ror_0	wh2_dlc16_wef_sisters_of_twilight	true
wh_pro04_wef_inf_eternal_guard_ror_0	wh_dlc05_wef_argwylon	true
wh_pro04_wef_inf_eternal_guard_ror_0	wh_dlc05_wef_wood_elves	true
wh_pro04_wef_inf_wardancers_ror_0	wh2_dlc16_wef_drycha	true
wh_pro04_wef_inf_wardancers_ror_0	wh2_dlc16_wef_sisters_of_twilight	true
wh_pro04_wef_inf_wardancers_ror_0	wh_dlc05_wef_argwylon	true
wh_pro04_wef_inf_wardancers_ror_0	wh_dlc05_wef_wood_elves	true
wh_pro04_wef_inf_waywatchers_ror_0	wh2_dlc16_wef_drycha	true
wh_pro04_wef_inf_waywatchers_ror_0	wh2_dlc16_wef_sisters_of_twilight	true
wh_pro04_wef_inf_waywatchers_ror_0	wh_dlc05_wef_argwylon	true
wh_pro04_wef_inf_waywatchers_ror_0	wh_dlc05_wef_wood_elves	true
wh_pro04_wef_inf_wildwood_rangers_ror_0	wh2_dlc16_wef_drycha	true
wh_pro04_wef_inf_wildwood_rangers_ror_0	wh2_dlc16_wef_sisters_of_twilight	true
wh_pro04_wef_inf_wildwood_rangers_ror_0	wh_dlc05_wef_argwylon	true
wh_pro04_wef_inf_wildwood_rangers_ror_0	wh_dlc05_wef_wood_elves	true
wh_pro04_wef_mon_treekin_ror_0	wh2_dlc16_wef_drycha	true
wh_pro04_wef_mon_treekin_ror_0	wh2_dlc16_wef_sisters_of_twilight	true
wh_pro04_wef_mon_treekin_ror_0	wh_dlc05_wef_argwylon	true
wh_pro04_wef_mon_treekin_ror_0	wh_dlc05_wef_wood_elves	true
